Business Name,Category,Rating,Reviews,Address,Hours,Website URL,Website Type,URL
Purique Salon & Spa Inc.,Beauty salon,4.9,1093,7th Avenue,Open · Closes 8 PM,https://bit.ly/PuriqueSalonBooking,Dedicated Website,https://www.google.com/maps/place/Purique+Salon+%26+Spa+Inc./data=!4m7!3m6!1s0x3397c9006fc5eef1:0xcf282c4494ef3bdf!8m2!3d14.55086!4d121.048661!16s%2Fg%2F11x1nqjm5g!19sChIJ8e7FbwDJlzMR3zvvlEQsKM8?authuser=0&hl=en&g_ep=EgoyMDI2MDkyOC4wIJJjKgBIAVAD&rclk=1
Couture Studio Hair and Nails BGC,Beauty salon,4.8,435,Bonifacio High Street,Open · Closes 9 PM,https://www.instagram.com/couturestudiobgc/,Social Media,https://www.google.com/maps/place/Couture+Studio+Hair+and+Nails+BGC/data=!4m7!3m6!1s0x3397c957f5573807:0x8f419dd921742966!8m2!3d14.550349!4d121.050407!16s%2Fg%2F11w_mjypqy!19sChIJBzhX9VfJlzMRZil0IdmdQY8?authuser=0&hl=en&g_ep=EgoyMDI2MDkyOC4wIJJjKgBIAVAD&rclk=1
"Salon De Yannah (BF Homes) - Eyelashes, Nails & Hair Salon",Hair salon,4.9,370,83 President's Ave,Open · Closes 8 PM,,No Link,"https://www.google.com/maps/place/Salon+De+Yannah+%28BF+Homes%29+-+Eyelashes,+Nails+%26+Hair+Salon/data=!4m7!3m6!1s0x3397cfd3e682771d:0x8abe810f420b075a!8m2!3d14.4537788!4d121.030514!16s%2Fg%2F11t_w2q4ff!19sChIJHXeC5tPPlzMRWgcLQg-Bvoo?authuser=0&hl=en&g_ep=EgoyMDI2MDkyOC4wIJJjKgBIAVAD&rclk=1"
Daisy Beauty Salon by Mike Escalante,Beauty salon,5,35,"Unit Stall D., 248 San Pancrasio Street, SAV1",Open · Closes 8 PM,,No Link,https://www.google.com/maps/place/Daisy+Beauty+Salon+by+Mike+Escalante/data=!4m7!3m6!1s0x3397cf3987cb18e5:0xeb1b8341c9797d3f!8m2!3d14.4685307!4d121.0217196!16s%2Fg%2F11yy17875z!19sChIJ5RjLhznPlzMRP315yUGDG-s?authuser=0&hl=en&g_ep=EgoyMDI2MDkyOC4wIJJjKgBIAVAD&rclk=1
The More Beauty Korean Hair Salon,Hair salon,4.8,185,"2nd Floor, Parqal Mall, Aseana City, Bldg, Parañaque City PH, 9 Diosdado Macapagal Blvd",Open · Closes 8 PM,https://www.facebook.com/themorebeautyph/,Social Media,https://www.google.com/maps/place/The+More+Beauty+Korean+Hair+Salon/data=!4m7!3m6!1s0x3397c987ec2786e1:0x4cae122ddfac024c!8m2!3d14.5269577!4d120.9893881!16s%2Fg%2F11x84lqywd!19sChIJ4YYn7IfJlzMRTAKs3y0Srkw?authuser=0&hl=en&g_ep=EgoyMDI2MDkyOC4wIJJjKgBIAVAD&rclk=1
Fashionista Beauty Salon,Beauty salon,4.8,39,1589 C. Rivera,Open · Closes 9 PM,https://www.facebook.com/fashionistabeautysalonph/,Social Media,https://www.google.com/maps/place/Fashionista+Beauty+Salon/data=!4m7!3m6!1s0x3397c9e9a826f1a3:0x1edfad13b0bc8032!8m2!3d14.529254!4d120.9958808!16s%2Fg%2F11v0tdfty4!19sChIJo_EmqOnJlzMRMoC8sBOt3x4?authuser=0&hl=en&g_ep=EgoyMDI2MDkyOC4wIJJjKgBIAVAD&rclk=1
Glitter Professional Salon,Beauty salon,4.8,61,,Open · Closes 10 PM,https://www.facebook.com/GlitterProfessional,Social Media,https://www.google.com/maps/place/Glitter+Professional+Salon/data=!4m7!3m6!1s0x3397ce9ec9ab704d:0x9b767eac5767612f!8m2!3d14.5026219!4d120.9927607!16s%2Fg%2F119tq012l!19sChIJTXCryZ7OlzMRL2FnV6x-dps?authuser=0&hl=en&g_ep=EgoyMDI2MDkyOC4wIJJjKgBIAVAD&rclk=1
Sandrea Salon PH,Hair salon,4.9,168,"BF Homes, El 0452A, El Grande Ave",Open · Closes 10 PM,https://www.facebook.com/SandreaSalon,Social Media,https://www.google.com/maps/place/Sandrea+Salon+PH/data=!4m7!3m6!1s0x3397cf007deadded:0x48208a9302504644!8m2!3d14.4662446!4d121.0098838!16s%2Fg%2F11x2lny2gm!19sChIJ7d3qfQDPlzMRREZQApOKIEg?authuser=0&hl=en&g_ep=EgoyMDI2MDkyOC4wIJJjKgBIAVAD&rclk=1
NE SALON,Beauty salon,4.9,277,592 Quirino Ave,Open · Closes 10:30 PM,https://www.facebook.com/profile.php?id=61560308536562&mibextid=LQQJ4d,Social Media,https://www.google.com/maps/place/NE+SALON/data=!4m7!3m6!1s0x3397cfd4da831ff9:0x6b6c93ffeac6201c!8m2!3d14.5186724!4d120.9963209!16s%2Fg%2F11whh43ybm!19sChIJ-R-D2tTPlzMRHCDG6v-TbGs?authuser=0&hl=en&g_ep=EgoyMDI2MDkyOC4wIJJjKgBIAVAD&rclk=1
Beauty and Brew,Beauty salon,4.5,91,262 Aguirre Ave,Open · Closes 10 PM,,No Link,https://www.google.com/maps/place/Beauty+and+Brew/data=!4m7!3m6!1s0x3397cf00d620f673:0x3cbd8248929ff76d!8m2!3d14.4553493!4d121.0142431!16s%2Fg%2F11vblxtq83!19sChIJc_Yg1gDPlzMRbfefkkiCvTw?authuser=0&hl=en&g_ep=EgoyMDI2MDkyOC4wIJJjKgBIAVAD&rclk=1
DAOL Hair Beauty salon 미용실 (Aseana),Hair salon,4.9,1225,"SECOND FLOOR, 8912 ASEAN AVENUE, BUILDING ASEANA CITY",Open · Closes 8 PM,https://m.site.naver.com/1xGm5,Dedicated Website,https://www.google.com/maps/place/DAOL+Hair+Beauty+salon+%EB%AF%B8%EC%9A%A9%EC%8B%A4+%28Aseana%29/data=!4m7!3m6!1s0x3397cf895c35eaf3:0x386068bf48a3263f!8m2!3d14.5252266!4d120.9889466!16s%2Fg%2F11lf7flp7k!19sChIJ8-o1XInPlzMRPyajSL9oYDg?authuser=0&hl=en&g_ep=EgoyMDI2MDkyOC4wIJJjKgBIAVAD&rclk=1
Fortune Esthe Parañaque,Beauty salon,4.9,74,"Unit H, 89 Doña Soledad Ave",Open · Closes 8 PM,https://booking.appointy.com/fortuneesthesalon,Dedicated Website,https://www.google.com/maps/place/Fortune+Esthe+Para%C3%B1aque/data=!4m7!3m6!1s0x3397cf37046f0a7b:0x4a3749a7c55ca3b7!8m2!3d14.4834485!4d121.0343618!16s%2Fg%2F11kq2mz9s3!19sChIJewpvBDfPlzMRt6NcxadJN0o?authuser=0&hl=en&g_ep=EgoyMDI2MDkyOC4wIJJjKgBIAVAD&rclk=1
Koko Beauty Lounge,Beauty salon,4.9,30,190 Doña Soledad Ave,Open · Closes 8 PM,https://www.facebook.com/share/1Azdv5UnKt/?mibextid=wwXIfr,Social Media,https://www.google.com/maps/place/Koko+Beauty+Lounge/data=!4m7!3m6!1s0x3397cefa5bd22a59:0x12151f97134ddc30!8m2!3d14.4876542!4d121.0239914!16s%2Fg%2F11gwh3zqbh!19sChIJWSrSW_rOlzMRMNxNE5cfFRI?authuser=0&hl=en&g_ep=EgoyMDI2MDkyOC4wIJJjKgBIAVAD&rclk=1
Cut Encarnacion Group Of Salon Betterliving Branch,Beauty salon,4.6,59,119 Doña Soledad Ave,Open · Closes 7:30 PM,,No Link,https://www.google.com/maps/place/Cut+Encarnacion+Group+Of+Salon+Betterliving+Branch/data=!4m7!3m6!1s0x3397cefddf2f7289:0x9d13cf2049af3d2!8m2!3d14.4844888!4d121.0318638!16s%2Fg%2F11hcjwt5c9!19sChIJiXIv3_3OlzMR0vOaBPI80Qk?authuser=0&hl=en&g_ep=EgoyMDI2MDkyOC4wIJJjKgBIAVAD&rclk=1
T&J Salon Professionals - SM SUCAT,Hair salon,4.4,105,"3rd Floor Building B, SM Sucat, formerly Dr Arcadio Santos Ave",Open · Closes 9 PM,http://www.tnjsalon.com/,Dedicated Website,https://www.google.com/maps/place/T%26J+Salon+Professionals+-+SM+SUCAT/data=!4m7!3m6!1s0x3397cf1f6066ef93:0xd8475608f26ac54e!8m2!3d14.4841384!4d120.9917547!16s%2Fg%2F11f9z5j619!19sChIJk-9mYB_PlzMRTsVq8ghWR9g?authuser=0&hl=en&g_ep=EgoyMDI2MDkyOC4wIJJjKgBIAVAD&rclk=1
Azta Urban Salon,Hair salon,4.9,413,,Open · Closes 9 PM,,No Link,https://www.google.com/maps/place/Azta+Urban+Salon/data=!4m7!3m6!1s0x3397cf6ae8d1d2db:0xffe8066f88d9ae92!8m2!3d14.5246328!4d120.9899638!16s%2Fg%2F11vq_xhqmw!19sChIJ29LR6GrPlzMRkq7ZiG8G6P8?authuser=0&hl=en&g_ep=EgoyMDI2MDkyOC4wIJJjKgBIAVAD&rclk=1
Beauty Lounge WLM SM BF PARANAQUE,Beauty salon,5,13,"3rd Level, Wellness Area, SM City BF",Open · Closes 9 PM,,No Link,https://www.google.com/maps/place/Beauty+Lounge+WLM+SM+BF+PARANAQUE/data=!4m7!3m6!1s0x3397cfc3382fe857:0xfb9ac3f665ca4869!8m2!3d14.4572286!4d121.0328659!16s%2Fg%2F11nhhnpv4c!19sChIJV-gvOMPPlzMRaUjKZfbDmvs?authuser=0&hl=en&g_ep=EgoyMDI2MDkyOC4wIJJjKgBIAVAD&rclk=1
Triple Z Salon and Spa,Beauty salon,4.7,23,8750 San Pedro,Open · Closes 12 AM,https://www.facebook.com/share/1FxDWHqAzf/?mibextid=wwXIfr,Social Media,https://www.google.com/maps/place/Triple+Z+Salon+and+Spa/data=!4m7!3m6!1s0x3397cf003781a879:0x5a0dff3788e0d904!8m2!3d14.4687509!4d121.0065386!16s%2Fg%2F11w9tbsbzw!19sChIJeaiBNwDPlzMRBNngiDf_DVo?authuser=0&hl=en&g_ep=EgoyMDI2MDkyOC4wIJJjKgBIAVAD&rclk=1
Micka Studios,Eyelash salon,5,14,"90, Santo Nino",Open · Closes 7 PM,https://mickastudios.as.me/,Dedicated Website,https://www.google.com/maps/place/Micka+Studios/data=!4m7!3m6!1s0x3397cfd03702a8ed:0x8974bb3b7594d3ca!8m2!3d14.5035932!4d120.9958374!16s%2Fg%2F11zfq5zl_r!19sChIJ7agCN9DPlzMRytOUdTu7dIk?authuser=0&hl=en&g_ep=EgoyMDI2MDkyOC4wIJJjKgBIAVAD&rclk=1
Cut & Care Salon,Beauty salon,2.9,80,8288 Dr Arcadio Santos Ave,Open · Closes 8:30 PM,,No Link,https://www.google.com/maps/place/Cut+%26+Care+Salon/data=!4m7!3m6!1s0x3397ce4420d6292d:0x5aa20eac4ab76f30!8m2!3d14.4658324!4d121.0179603!16s%2Fg%2F11g72lyyps!19sChIJLSnWIETOlzMRMG-3SqwOolo?authuser=0&hl=en&g_ep=EgoyMDI2MDkyOC4wIJJjKgBIAVAD&rclk=1
K QUEEN SALON,Beauty salon,4.8,21,"2nd floor, BF Homes, Unit 203-204, 268 Aguirre Ave",Open · Closes 9 PM,https://kqueensalon.com/,Dedicated Website,https://www.google.com/maps/place/K+QUEEN+SALON/data=!4m7!3m6!1s0x3397cf12b1a36bb3:0x60d7de00b4483216!8m2!3d14.4553815!4d121.0139251!16s%2Fg%2F11xm4fgs2q!19sChIJs2ujsRLPlzMRFjJItADe12A?authuser=0&hl=en&g_ep=EgoyMDI2MDkyOC4wIJJjKgBIAVAD&rclk=1
Beauty Squad Lounge,Beauty salon,5,14,"BF Homes, 188 La Rosa Bldg., Aguirre Ave, cor E.Dela Rama",Open · Closes 8 PM,,No Link,https://www.google.com/maps/place/Beauty+Squad+Lounge/data=!4m7!3m6!1s0x3397cf4f64bff883:0x6e3d2e776595eea4!8m2!3d14.4520716!4d121.0180356!16s%2Fg%2F11p_26x8ny!19sChIJg_i_ZE_PlzMRpO6VZXcuPW4?authuser=0&hl=en&g_ep=EgoyMDI2MDkyOC4wIJJjKgBIAVAD&rclk=1
Glazed Beauty Lounge - BF Homes,Beauty salon,5,11,"2/F Unit 1, L5 B39, LG Centre, BF Homes, J. Elizalde",Open · Closes 7 PM,,No Link,https://www.google.com/maps/place/Glazed+Beauty+Lounge+-+BF+Homes/data=!4m7!3m6!1s0x3397cfd8a7d38937:0xcd812bb98dcfbb61!8m2!3d14.448565!4d121.0285941!16s%2Fg%2F11yml29l0h!19sChIJN4nTp9jPlzMRYbvPjbkrgc0?authuser=0&hl=en&g_ep=EgoyMDI2MDkyOC4wIJJjKgBIAVAD&rclk=1
Glazed Beauty Lounge - Bicutan Paranaque,Beauty salon,4.6,9,"2/F, Jimar Building, Better Living Subdivision, Doña Soledad Ave",Open · Closes 8 PM,,No Link,https://www.google.com/maps/place/Glazed+Beauty+Lounge+-+Bicutan+Paranaque/data=!4m7!3m6!1s0x3397cfdc2fee52b1:0x6cb9f0868d01e8c2!8m2!3d14.4825935!4d121.0358885!16s%2Fg%2F11mf82bf8q!19sChIJsVLuL9zPlzMRwugBjYbwuWw?authuser=0&hl=en&g_ep=EgoyMDI2MDkyOC4wIJJjKgBIAVAD&rclk=1
Hyejin's Beauty Salon Paranaque,Beauty salon,5,1,"Fortunata Village, 58 Kabesang Segundo",Open · Closes 7:30 PM,https://hyejinssalon.online/,Dedicated Website,https://www.google.com/maps/place/Hyejin%27s+Beauty+Salon+Paranaque/data=!4m7!3m6!1s0x3397cfa93672a5bd:0xd7e98a7003bad49e!8m2!3d14.4748616!4d121.0106853!16s%2Fg%2F11xmfpbrrv!19sChIJvaVyNqnPlzMRntS6A3CK6dc?authuser=0&hl=en&g_ep=EgoyMDI2MDkyOC4wIJJjKgBIAVAD&rclk=1
Verde Organic Salon and Spa,Beauty salon,4.7,14,"brgy, 178 Doña Soledad Ave",Open · Closes 9 PM,https://www.facebook.com/VerdeOrganicSalonandSpa?mibextid=LQQJ4d,Social Media,https://www.google.com/maps/place/Verde+Organic+Salon+and+Spa/data=!4m7!3m6!1s0x3397cefc0e99dc29:0x24a57a80da2f5dd7!8m2!3d14.4858742!4d121.0279207!16s%2Fg%2F11cs78hn94!19sChIJKdyZDvzOlzMR110v2oB6pSQ?authuser=0&hl=en&g_ep=EgoyMDI2MDkyOC4wIJJjKgBIAVAD&rclk=1
Posh Haven Beauty Studio,Nail salon,4.7,12,"Unit 10, Ledesma Building, Jordan",Open · Closes 9 PM,,No Link,https://www.google.com/maps/place/Posh+Haven+Beauty+Studio/data=!4m7!3m6!1s0x3397cb3ad5c81b99:0x4b7e8bb13172bade!8m2!3d14.4919651!4d121.0082835!16s%2Fg%2F11xmr0c04l!19sChIJmRvI1TrLlzMR3rpyMbGLfks?authuser=0&hl=en&g_ep=EgoyMDI2MDkyOC4wIJJjKgBIAVAD&rclk=1
The Blanche Beauty Lounge,Nail salon,4.5,15,"2F, Aguirre Building, Multinational Ave",Open · Closes 9 PM,https://m.facebook.com/theblanchebeautylounge,Social Media,https://www.google.com/maps/place/The+Blanche+Beauty+Lounge/data=!4m7!3m6!1s0x3397cfbd66ac48b5:0x5b6b16857e4276c4!8m2!3d14.4935327!4d121.0033191!16s%2Fg%2F11lkt93_hs!19sChIJtUisZr3PlzMRxHZCfoUWa1s?authuser=0&hl=en&g_ep=EgoyMDI2MDkyOC4wIJJjKgBIAVAD&rclk=1
C.B.L Salon & Spa,Hair salon,4.8,19,8120 Unit B Dr. Arcadio St,Open · Closes 10 PM,https://www.cblsalonandspa.com/,Dedicated Website,https://www.google.com/maps/place/C.B.L+Salon+%26+Spa/data=!4m7!3m6!1s0x3397cf0069056765:0xdf4c46852fce89d1!8m2!3d14.4804134!4d120.9969041!16s%2Fg%2F11vk64tb7z!19sChIJZWcFaQDPlzMR0YnOL4VGTN8?authuser=0&hl=en&g_ep=EgoyMDI2MDkyOC4wIJJjKgBIAVAD&rclk=1
Beyond Premium Lounge,Beauty salon,4.5,15,"2F RGC Bldg, Russia St. Better Living Subdivision",Open · Closes 8 PM,https://www.facebook.com/BeyondPremiumLounge/?ref=br_rs,Social Media,https://www.google.com/maps/place/Beyond+Premium+Lounge/data=!4m7!3m6!1s0x3397cfe279d057d7:0x7be3a056b31dfeea!8m2!3d14.4848268!4d121.0264736!16s%2Fg%2F11h_t67g4p!19sChIJ11fQeeLPlzMR6v4ds1ag43s?authuser=0&hl=en&g_ep=EgoyMDI2MDkyOC4wIJJjKgBIAVAD&rclk=1
NS Beauty & Wellness Hub,Beauty salon,5,12,,Open · Closes 11 PM,https://www.facebook.com/share/1DGhCD6B4C/,Social Media,https://www.google.com/maps/place/NS+Beauty+%26+Wellness+Hub/data=!4m7!3m6!1s0x3397cf41dbdccb8d:0xfe86cbc53ae0f40c!8m2!3d14.4590473!4d121.0075646!16s%2Fg%2F11lcfm914n!19sChIJjcvc20HPlzMRDPTgOsXLhv4?authuser=0&hl=en&g_ep=EgoyMDI2MDkyOC4wIJJjKgBIAVAD&rclk=1
Beauty & the Best Salon,Beauty salon,5,4,"Olivarez College, 311 Dr Arcadio Santos Ave",Open · Closes 9 PM,,No Link,https://www.google.com/maps/place/Beauty+%26+the+Best+Salon/data=!4m7!3m6!1s0x3397cfa3b385d13d:0xefd1708c59450e48!8m2!3d14.4793482!4d120.9980607!16s%2Fg%2F11j8snwlxd!19sChIJPdGFs6PPlzMRSA5FWYxw0e8?authuser=0&hl=en&g_ep=EgoyMDI2MDkyOC4wIJJjKgBIAVAD&rclk=1
Blush and Brew,Nail salon,4.8,42,,Open · Closes 10 PM,https://www.facebook.com/profile.php?id=61550117734981&mibextid=LQQJ4d,Social Media,https://www.google.com/maps/place/Blush+and+Brew/data=!4m7!3m6!1s0x3397cf8d75644745:0xdabd5a73173aa796!8m2!3d14.4873115!4d121.0266181!16s%2Fg%2F11l2_02mbn!19sChIJRUdkdY3PlzMRlqc6F3Navdo?authuser=0&hl=en&g_ep=EgoyMDI2MDkyOC4wIJJjKgBIAVAD&rclk=1
Mist Beauty Lounge - Parañaque,Beauty salon,4.3,10,"2nd floor Fortunata Building Dr. A. Santos Avenue, Corner Vitalez",Open · Closes 9 PM,https://www.facebook.com/mistbeautyloungeparanaque/,Social Media,https://www.google.com/maps/place/Mist+Beauty+Lounge+-+Para%C3%B1aque/data=!4m7!3m6!1s0x3397cfb978f31641:0x4681b1b8e3c7e864!8m2!3d14.4667702!4d121.0150634!16s%2Fg%2F11v3ppvwvt!19sChIJQRbzeLnPlzMRZOjH47ixgUY?authuser=0&hl=en&g_ep=EgoyMDI2MDkyOC4wIJJjKgBIAVAD&rclk=1
YX Beauty Corner,Nail salon,4.9,12,"Ibayo Town Center, M. Rodriguez",Open · Closes 8 PM,https://www.facebook.com/profile.php?id=61565930384039,Social Media,https://www.google.com/maps/place/YX+Beauty+Corner/data=!4m7!3m6!1s0x3397cf1fc9522507:0x83d12f17d5e0f0a3!8m2!3d14.5036944!4d120.9949826!16s%2Fg%2F11xtxxrgqt!19sChIJByVSyR_PlzMRo_Dg1Rcv0YM?authuser=0&hl=en&g_ep=EgoyMDI2MDkyOC4wIJJjKgBIAVAD&rclk=1
Pink & Purple Hair and Nail Salon,Beauty salon,5,3,"1F, Benrosi Plaza Condominium, Doña Soledad Ave",Open · Closes 8 PM,,No Link,https://www.google.com/maps/place/Pink+%26+Purple+Hair+and+Nail+Salon/data=!4m7!3m6!1s0x3397cf0022c93c8f:0x4bbb05e8e699f0ae!8m2!3d14.489756!4d121.0184802!16s%2Fg%2F11yc3q91w6!19sChIJjzzJIgDPlzMRrvCZ5ugFu0s?authuser=0&hl=en&g_ep=EgoyMDI2MDkyOC4wIJJjKgBIAVAD&rclk=1
Chingu Nail & Lashes,Nail salon,5,11,"Back of Lianas Supermarket, Nescom Building, Evacom",Open · Closes 8 PM,https://www.tiktok.com/@chingu.nail.lashe?_r=1&_t=ZS-943U8GH1wsD,Social Media,https://www.google.com/maps/place/Chingu+Nail+%26+Lashes/data=!4m7!3m6!1s0x3397cff320285e8b:0xe452baf274d5dfd7!8m2!3d14.4750915!4d121.000047!16s%2Fg%2F11z67l1g_c!19sChIJi14oIPPPlzMR19_VdPK6UuQ?authuser=0&hl=en&g_ep=EgoyMDI2MDkyOC4wIJJjKgBIAVAD&rclk=1
Zia Salon Premier - SM City BF Parañaque,Hair salon,4.5,43,"3rd Floor, Wellness Center, SM City",,,No Link,https://www.google.com/maps/place/Zia+Salon+Premier+-+SM+City+BF+Para%C3%B1aque/data=!4m7!3m6!1s0x3397cfeb73490015:0x33bc46637abec899!8m2!3d14.4570964!4d121.0330638!16s%2Fg%2F11y30_4fwc!19sChIJFQBJc-vPlzMRmci-emNGvDM?authuser=0&hl=en&g_ep=EgoyMDI2MDkyOC4wIJJjKgBIAVAD&rclk=1
Shine Beauty Salon,Beauty salon,5,1,Doña Soledad Ave,Open · Closes 6:30 PM,,No Link,https://www.google.com/maps/place/Shine+Beauty+Salon/data=!4m7!3m6!1s0x4f269fbe0f2d7ab:0xbb8ba70930c4f25!8m2!3d14.4837316!4d121.0379389!16s%2Fg%2F11x_jyn351!19sChIJq9fy4Ptp8gQRJU8Mk3C6uAs?authuser=0&hl=en&g_ep=EgoyMDI2MDkyOC4wIJJjKgBIAVAD&rclk=1
BELLA ROSE BEAUTY LOUNGE,Beauty salon,4.4,7,0587 Quirino Ave,Open · Closes 7 PM,http://facebook.com/bellaroselounge/,Social Media,https://www.google.com/maps/place/BELLA+ROSE+BEAUTY+LOUNGE/data=!4m7!3m6!1s0x3397cf6d08765407:0x3647389b2c692d26!8m2!3d14.4954127!4d120.9892644!16s%2Fg%2F11s892h69x!19sChIJB1R2CG3PlzMRJi1pLJs4RzY?authuser=0&hl=en&g_ep=EgoyMDI2MDkyOC4wIJJjKgBIAVAD&rclk=1
Glosslab Studio - SM Bicutan Branch,Nail salon,4.9,30,Doña Soledad Ave,,,No Link,https://www.google.com/maps/place/Glosslab+Studio+-+SM+Bicutan+Branch/data=!4m7!3m6!1s0x3397cf0bc838af7f:0x92171fe8f2bdbdf3!8m2!3d14.4909963!4d121.016949!16s%2Fg%2F11zh9tzk55!19sChIJf684yAvPlzMR87298ugfF5I?authuser=0&hl=en&g_ep=EgoyMDI2MDkyOC4wIJJjKgBIAVAD&rclk=1
XHair Salon,Hair salon,5,11,Jordan,Open · Closes 7 PM,,No Link,https://www.google.com/maps/place/XHair+Salon/data=!4m7!3m6!1s0x3397cff85798f051:0xbb632e23bab24462!8m2!3d14.4921204!4d121.008303!16s%2Fg%2F11yz161g34!19sChIJUfCYV_jPlzMRYkSyuiMuY7s?authuser=0&hl=en&g_ep=EgoyMDI2MDkyOC4wIJJjKgBIAVAD&rclk=1
Serra Nails Lounge,Nail salon,4.9,30,"Fuel Express, Valley 1, San Antonio Ave",Open · Closes 11 PM,https://serranails.com/,Dedicated Website,https://www.google.com/maps/place/Serra+Nails+Lounge/data=!4m7!3m6!1s0x3397cf0018184ee7:0xce1d338ec2bcf089!8m2!3d14.4689141!4d121.0213955!16s%2Fg%2F11yrkyhgm9!19sChIJ504YGADPlzMRifC8wo4zHc4?authuser=0&hl=en&g_ep=EgoyMDI2MDkyOC4wIJJjKgBIAVAD&rclk=1
Blush&Blossom Parañaque City,Beauty salon,5,38,20 Saudi Arabia,Open now,https://m.facebook.com/blushnblossomph/,Social Media,https://www.google.com/maps/place/Blush%26Blossom+Para%C3%B1aque+City/data=!4m7!3m6!1s0x3397cfc4306d6d7d:0xa3e9777446dc9aee!8m2!3d14.4840661!4d121.0257946!16s%2Fg%2F11s8qx5x9t!19sChIJfW1tMMTPlzMR7prcRnR36aM?authuser=0&hl=en&g_ep=EgoyMDI2MDkyOC4wIJJjKgBIAVAD&rclk=1
Yimei Jenny Spa,Health and beauty shop,4.3,22,"G21, Yimei Jenny Spa, Solemare Parksuites, Tower B, R. Valera Drive",Open · Closes 1 AM,https://www.facebook.com/YimeiJennySpa9999?mibextid=ZbWKwL,Social Media,https://www.google.com/maps/place/Yimei+Jenny+Spa/data=!4m7!3m6!1s0x3397c92244f82041:0x40b0ec87e6ab4dd!8m2!3d14.5293689!4d120.9877834!16s%2Fg%2F11w7h8xq3d!19sChIJQSD4RCLJlzMR3bRqfsgOCwQ?authuser=0&hl=en&g_ep=EgoyMDI2MDkyOC4wIJJjKgBIAVAD&rclk=1
So Glam! Beauty Studio,Beauty salon,5,3,"EGC building, Doña Soledad Ave",Open · Closes 9 PM,,No Link,https://www.google.com/maps/place/So+Glam!+Beauty+Studio/data=!4m7!3m6!1s0x3397cfd241898795:0x5c01d710a1504a1c!8m2!3d14.4895666!4d121.0187664!16s%2Fg%2F11y247wx02!19sChIJlYeJQdLPlzMRHEpQoRDXAVw?authuser=0&hl=en&g_ep=EgoyMDI2MDkyOC4wIJJjKgBIAVAD&rclk=1
Adarna Grande Hair and Nail Studio - Paranaque Branch,Beauty salon,5,4,"Door 1-annex, trdc bldg, N. Lopez Ave",Open · Closes 8 PM,https://www.facebook.com/profile.php?id=100063915970550,Social Media,https://www.google.com/maps/place/Adarna+Grande+Hair+and+Nail+Studio+-+Paranaque+Branch/data=!4m7!3m6!1s0x3397cf00134d5a17:0x2e5f9c307b450bd5!8m2!3d14.4682853!4d121.0117124!16s%2Fg%2F11w9y7b586!19sChIJF1pNEwDPlzMR1QtFezCcXy4?authuser=0&hl=en&g_ep=EgoyMDI2MDkyOC4wIJJjKgBIAVAD&rclk=1
Lay Bare Waxing Salon-Better Living Bicutan,Waxing hair removal service,4.9,218,"Unit 10 2nd Floor JDP Bldg. Better Living, 76 Doña Soledad Ave",Open · Closes 9 PM,http://www.lay-bare.com/,Dedicated Website,https://www.google.com/maps/place/Lay+Bare+Waxing+Salon-Better+Living+Bicutan/data=!4m7!3m6!1s0x3397cefe77f844d1:0xb62189c2c80342fa!8m2!3d14.482556!4d121.035869!16s%2Fg%2F1tf7318z!19sChIJ0UT4d_7OlzMR-kIDyMKJIbY?authuser=0&hl=en&g_ep=EgoyMDI2MDkyOC4wIJJjKgBIAVAD&rclk=1
Michiko Salon Metro South,Beauty salon,4.2,20,"15303, 1709 E Rodriguez Ave",Open · Closes 7 PM,,No Link,https://www.google.com/maps/place/Michiko+Salon+Metro+South/data=!4m7!3m6!1s0x3397cf63e30ba2c3:0x4da6f5f698a9f032!8m2!3d14.4923032!4d121.0145797!16s%2Fg%2F11l4fkrlrs!19sChIJw6IL42PPlzMRMvCpmPb1pk0?authuser=0&hl=en&g_ep=EgoyMDI2MDkyOC4wIJJjKgBIAVAD&rclk=1
Hello Gorgeous Hair and Nail Salon by Anne Reyes,Beauty salon,5,3,"Unit 25, San Isidro Building, Better Living Subdivision, Doña Soledad Ave",Open · Closes 8 PM,,No Link,https://www.google.com/maps/place/Hello+Gorgeous+Hair+and+Nail+Salon+by+Anne+Reyes/data=!4m7!3m6!1s0x3397cf26a360507b:0x6e141c57190392bd!8m2!3d14.4844459!4d121.0308147!16s%2Fg%2F11vqh27z_d!19sChIJe1BgoybPlzMRvZIDGVccFG4?authuser=0&hl=en&g_ep=EgoyMDI2MDkyOC4wIJJjKgBIAVAD&rclk=1
The Maven Hair Studio Ayala Malls Manila Bay,Hair salon,4.3,52,"3rd Floor Building A Ayala Malls Manila Bay Diosdado Macapagal Blvd, cor Asean Ave",Open · Closes 9 PM,https://fb.me/TheMavenHairStudioAyalaMallsManilaBay,Social Media,https://www.google.com/maps/place/The+Maven+Hair+Studio+Ayala+Malls+Manila+Bay/data=!4m7!3m6!1s0x3397cfbbd131a921:0xdb88195033e678b1!8m2!3d14.5240424!4d120.9892734!16s%2Fg%2F11ymnclmf8!19sChIJIakx0bvPlzMRsXjmM1AZiNs?authuser=0&hl=en&g_ep=EgoyMDI2MDkyOC4wIJJjKgBIAVAD&rclk=1
Lemon Nail Salon and Spa,Nail salon,4.1,76,"161 Regina Building, Doña Soledad Avenue, Don Bosco, Better Living",Open · Closes 8 PM,http://www.facebook.com/lemonnailsalon,Social Media,https://www.google.com/maps/place/Lemon+Nail+Salon+and+Spa/data=!4m7!3m6!1s0x3397cefc10ef4f39:0x6f70af270dc26a3d!8m2!3d14.4855958!4d121.0287047!16s%2Fg%2F11b6znznvz!19sChIJOU_vEPzOlzMRPWrCDSevcG8?authuser=0&hl=en&g_ep=EgoyMDI2MDkyOC4wIJJjKgBIAVAD&rclk=1
NIMA HAIR by Japanese マニラ ヘアサロン,Hairdresser,5,58,"Unit 2, JSA Building, BF Homes, 418 El Grande Ave",Open · Closes 8 PM,https://matsurika-hair.com/,Dedicated Website,https://www.google.com/maps/place/NIMA+HAIR+by+Japanese+%E3%83%9E%E3%83%8B%E3%83%A9+%E3%83%98%E3%82%A2%E3%82%B5%E3%83%AD%E3%83%B3/data=!4m7!3m6!1s0x3397cf59ff00ffaf:0x6dda12395533e886!8m2!3d14.464119!4d121.009197!16s%2Fg%2F11lnms_t0l!19sChIJr_8A_1nPlzMRhugzVTkS2m0?authuser=0&hl=en&g_ep=EgoyMDI2MDkyOC4wIJJjKgBIAVAD&rclk=1
Hub Salon and Spa,Beauty salon,5,2,"262, 1711 Doña Soledad Ave",Open · Closes 7 PM,http://www.facebook.com/hubsalonandspa,Social Media,https://www.google.com/maps/place/Hub+Salon+and+Spa/data=!4m7!3m6!1s0x3397cf48ee17c373:0xd4d2501994b0873!8m2!3d14.4890696!4d121.0198102!16s%2Fg%2F11hjdbjnzj!19sChIJc8MX7kjPlzMRcwhLmQElTQ0?authuser=0&hl=en&g_ep=EgoyMDI2MDkyOC4wIJJjKgBIAVAD&rclk=1
Le Posh,Beauty salon,4.4,8,104 Aguirre Ave,Open · Closes 8 PM,,No Link,https://www.google.com/maps/place/Le+Posh/data=!4m7!3m6!1s0x3397cf5d7a73accf:0xfdb57b2ea659a44a!8m2!3d14.4468286!4d121.0204043!16s%2Fg%2F11nh3s3y57!19sChIJz6xzel3PlzMRSqRZpi57tf0?authuser=0&hl=en&g_ep=EgoyMDI2MDkyOC4wIJJjKgBIAVAD&rclk=1
Hi Madam Hair and Nail Salon,Beauty salon,4.2,6,"Valley 1, 5c San Antonio Avenue, Dr Arcadio Santos Ave",Open · Closes 8 PM,,No Link,https://www.google.com/maps/place/Hi+Madam+Hair+and+Nail+Salon/data=!4m7!3m6!1s0x3397cf702edadfbd:0x4256bb348b386434!8m2!3d14.4680726!4d121.0206793!16s%2Fg%2F11rhy9dyhy!19sChIJvd_aLnDPlzMRNGQ4izS7VkI?authuser=0&hl=en&g_ep=EgoyMDI2MDkyOC4wIJJjKgBIAVAD&rclk=1
Lay Bare WalterMart Bicutan,Waxing hair removal service,5,231,"2nd Floor, Walter Mart Bicutan, Manalac Ave, cor E Service Rd",Open · Closes 9 PM,https://www.facebook.com/laybarewmbicutan/,Social Media,https://www.google.com/maps/place/Lay+Bare+WalterMart+Bicutan/data=!4m7!3m6!1s0x3397cf2f92182147:0xa81974bd875d8702!8m2!3d14.4814334!4d121.0456035!16s%2Fg%2F11mycl1jb5!19sChIJRyEYki_PlzMRAoddh710Gag?authuser=0&hl=en&g_ep=EgoyMDI2MDkyOC4wIJJjKgBIAVAD&rclk=1
Beautyful corner salon for men and women,Beauty salon,5,1,"Wawa, 5249 18th St",Open · Closes 9 PM,,No Link,https://www.google.com/maps/place/Beautyful+corner+salon+for+men+and+women/data=!4m7!3m6!1s0x3397cf027c3eb785:0xd22fc012253a0aed!8m2!3d14.5012969!4d120.9957179!16s%2Fg%2F11jzly98jn!19sChIJhbc-fALPlzMR7Qo6JRLAL9I?authuser=0&hl=en&g_ep=EgoyMDI2MDkyOC4wIJJjKgBIAVAD&rclk=1
Bellezze Hair and Nail Salon,Beauty salon,5,6,83 Doña Soledad Ave,Open · Closes 9 PM,http://bellezzesalon.com/,Dedicated Website,https://www.google.com/maps/place/Bellezze+Hair+and+Nail+Salon/data=!4m7!3m6!1s0x3397cf3a89649413:0x6cf672740667ec50!8m2!3d14.4831064!4d121.0352209!16s%2Fg%2F11xzx6z38v!19sChIJE5RkiTrPlzMRUOxnBnRy9mw?authuser=0&hl=en&g_ep=EgoyMDI2MDkyOC4wIJJjKgBIAVAD&rclk=1
Black and Colour Women and Men's Beauty Salon,Beauty salon,5,1,8289 Dr Arcadio Santos Ave,Open · Closes 8 PM,,No Link,https://www.google.com/maps/place/Black+and+Colour+Women+and+Men%27s+Beauty+Salon/data=!4m7!3m6!1s0x3397cfa42812b305:0x15b11b0f75f4a7f3!8m2!3d14.465059!4d121.0196342!16s%2Fg%2F11scpm7w8z!19sChIJBbMSKKTPlzMR86f0dQ8bsRU?authuser=0&hl=en&g_ep=EgoyMDI2MDkyOC4wIJJjKgBIAVAD&rclk=1
Beauty hub hair and Nails Salon,Hair salon,5,1,"Aratiles street, Masville Masville, Dr Arcadio Santos Ave",Open 24 hours,,No Link,https://www.google.com/maps/place/Beauty+hub+hair+and+Nails+Salon/data=!4m7!3m6!1s0x3397cf2acd918bb5:0xdaae11f9c9db5c9c!8m2!3d14.451886!4d121.0411174!16s%2Fg%2F11tw_sx0j2!19sChIJtYuRzSrPlzMRnFzbyfkRrto?authuser=0&hl=en&g_ep=EgoyMDI2MDkyOC4wIJJjKgBIAVAD&rclk=1
Express Hair Studio,Beauty salon,4.6,14,"BF Homes, 31 Aguirre Ave",Open · Closes 7 PM,,No Link,https://www.google.com/maps/place/Express+Hair+Studio/data=!4m7!3m6!1s0x3397ce166c5f3249:0x930b0d0ba1634142!8m2!3d14.4447953!4d121.0266216!16s%2Fg%2F1pzpxbh89!19sChIJSTJfbBbOlzMRQkFjoQsNC5M?authuser=0&hl=en&g_ep=EgoyMDI2MDkyOC4wIJJjKgBIAVAD&rclk=1
Wow Hair Salon,Hair salon,3.8,37,,Open · Closes 9 PM,http://www.wowhairsalons.com/,Dedicated Website,https://www.google.com/maps/place/Wow+Hair+Salon/data=!4m7!3m6!1s0x3397ce1686a1363d:0x2737506da9fe3778!8m2!3d14.4564835!4d121.0073597!16s%2Fg%2F11c3tz6hxm!19sChIJPTahhhbOlzMReDf-qW1QNyc?authuser=0&hl=en&g_ep=EgoyMDI2MDkyOC4wIJJjKgBIAVAD&rclk=1
Mally's Hair and Beauty Salon,Hair salon,5,3,082 Sitio de Asis San Martin de Porres,Open · Closes 10 PM,,No Link,https://www.google.com/maps/place/Mally%27s+Hair+and+Beauty+Salon/data=!4m7!3m6!1s0x3397cf2d59531343:0x4a42348305dadf74!8m2!3d14.4824206!4d121.045927!16s%2Fg%2F11wqy4tfp8!19sChIJQxNTWS3PlzMRdN_aBYM0Qko?authuser=0&hl=en&g_ep=EgoyMDI2MDkyOC4wIJJjKgBIAVAD&rclk=1
La Julieta Beauty Center - Parañaque,Beauty salon,5,7,"2F, One Oasis Bldg, Jackielou Ville, President's Ave",Open · Closes 6 PM,,No Link,https://www.google.com/maps/place/La+Julieta+Beauty+Center+-+Para%C3%B1aque/data=!4m7!3m6!1s0x3397cff672d15807:0x8cd70989a057a6d5!8m2!3d14.4513923!4d121.0306625!16s%2Fg%2F11rmyj_p2v!19sChIJB1jRcvbPlzMR1aZXoIkJ14w?authuser=0&hl=en&g_ep=EgoyMDI2MDkyOC4wIJJjKgBIAVAD&rclk=1
HAMIS BEAUTY LOUNGE,Beauty salon,5,4,4008 Toyota Ave,Open · Closes 8 PM,https://www.facebook.com/share/18eJhL5pXZ/,Social Media,https://www.google.com/maps/place/HAMIS+BEAUTY+LOUNGE/data=!4m7!3m6!1s0x3397cfb02c515427:0x4d15e9397bdc4cc4!8m2!3d14.4955401!4d121.0360813!16s%2Fg%2F11xh9mvgb1!19sChIJJ1RRLLDPlzMRxEzceznpFU0?authuser=0&hl=en&g_ep=EgoyMDI2MDkyOC4wIJJjKgBIAVAD&rclk=1
Savouge aesthetic and medical clinic,Beauty salon,4.7,292,,Open · Closes 9 PM,,No Link,https://www.google.com/maps/place/Savouge+aesthetic+and+medical+clinic/data=!4m7!3m6!1s0x3397cf0f0bf334ff:0xe906e3917805394f!8m2!3d14.4884926!4d121.0222591!16s%2Fg%2F11pvzs47v_!19sChIJ_zTzCw_PlzMRTzkFeJHjBuk?authuser=0&hl=en&g_ep=EgoyMDI2MDkyOC4wIJJjKgBIAVAD&rclk=1
El Mango Salon & Spa,Massage spa,4.5,26,257 Quirino Ave,Open · Closes 3 AM,,No Link,https://www.google.com/maps/place/El+Mango+Salon+%26+Spa/data=!4m7!3m6!1s0x3397ceaf7f66d357:0xbf50fa67812a4b79!8m2!3d14.5122999!4d120.9956128!16s%2Fg%2F11bwdm3qz_!19sChIJV9Nmf6_OlzMReUsqgWf6UL8?authuser=0&hl=en&g_ep=EgoyMDI2MDkyOC4wIJJjKgBIAVAD&rclk=1
"Tokyo Glam Japanese Salon - Ayala Malls Manila Bay, Parañaque",Nail salon,4.1,25,,Open · Closes 9 PM,https://www.tokyoglamph.com/,Dedicated Website,"https://www.google.com/maps/place/Tokyo+Glam+Japanese+Salon+-+Ayala+Malls+Manila+Bay,+Para%C3%B1aque/data=!4m7!3m6!1s0x3397cf57b2cf3dbb:0xd0e50c812cc1ad59!8m2!3d14.5243082!4d120.9883876!16s%2Fg%2F11h7v0w8pv!19sChIJuz3PslfPlzMRWa3BLIEM5dA?authuser=0&hl=en&g_ep=EgoyMDI2MDkyOC4wIJJjKgBIAVAD&rclk=1"
MRL Beauty Lounge Paranaque Branch,Beauty salon,1,2,250 Doña Soledad Ave,,,No Link,https://www.google.com/maps/place/MRL+Beauty+Lounge+Paranaque+Branch/data=!4m7!3m6!1s0x3397cf000239bce7:0x61b425df836db00d!8m2!3d14.4886643!4d121.0207344!16s%2Fg%2F11mlzshtq4!19sChIJ57w5AgDPlzMRDbBtg98ltGE?authuser=0&hl=en&g_ep=EgoyMDI2MDkyOC4wIJJjKgBIAVAD&rclk=1
Florabelle Salon and Spa BF Homes Parañaque City,Beauty salon,1.6,5,203a Aguirre Ave,Open · Closes 8 PM,https://www.facebook.com/Cre8SalonBFHomesParanaque?mibextid=ZbWKwL,Social Media,https://www.google.com/maps/place/Florabelle+Salon+and+Spa+BF+Homes+Para%C3%B1aque+City/data=!4m7!3m6!1s0x3397cfbe6c0faaa5:0x29845d3f08937752!8m2!3d14.4474463!4d121.0294341!16s%2Fg%2F11frsww_q2!19sChIJpaoPbL7PlzMRUneTCD9dhCk?authuser=0&hl=en&g_ep=EgoyMDI2MDkyOC4wIJJjKgBIAVAD&rclk=1
Dama Glamorosa Beauty Salon and Spa,Beauty salon,5,1,"FXGX+3Q8, 0051 Gatchalian Ave",Open · Closes 10 PM,http://www.facebook.com/damaglamorosabeautysalonandspa,Social Media,https://www.google.com/maps/place/Dama+Glamorosa+Beauty+Salon+and+Spa/data=!4m7!3m6!1s0x3397cffa98dc5eed:0x6ad827750b894fea!8m2!3d14.4750265!4d120.999549!16s%2Fg%2F11t507rd3f!19sChIJ7V7cmPrPlzMR6k-JC3Un2Go?authuser=0&hl=en&g_ep=EgoyMDI2MDkyOC4wIJJjKgBIAVAD&rclk=1
ROYALCUT SALON & BARBERSHOP,Beauty salon,5,4,,Open · Closes 8 PM,,No Link,https://www.google.com/maps/place/ROYALCUT+SALON+%26+BARBERSHOP/data=!4m7!3m6!1s0x3397cf5866b76dab:0x2e8d2086516d7574!8m2!3d14.4712963!4d121.0228151!16s%2Fg%2F11z7s_jprk!19sChIJq223ZljPlzMRdHVtUYYgjS4?authuser=0&hl=en&g_ep=EgoyMDI2MDkyOC4wIJJjKgBIAVAD&rclk=1
"Florabelle Salon and Spa - Better Living, Parañaque City",Beauty salon,2,3,"Better Living Subd, 156 B Doña Soledad Ave",Open · Closes 9 PM,https://www.facebook.com/Cre8SalonBetterLivingParanaque?mibextid=ZbWKwL,Social Media,"https://www.google.com/maps/place/Florabelle+Salon+and+Spa+-+Better+Living,+Para%C3%B1aque+City/data=!4m7!3m6!1s0x3397cf5f4f82bc9d:0xc189440e9afa37e6!8m2!3d14.4851326!4d121.0288152!16s%2Fg%2F11tkbhy8s9!19sChIJnbyCT1_PlzMR5jf6mg5EicE?authuser=0&hl=en&g_ep=EgoyMDI2MDkyOC4wIJJjKgBIAVAD&rclk=1"
Miss C Salon,Hair salon,3.9,15,,Open · Closes 7 PM,https://www.facebook.com/p/MISS-C-SALON-Betterliving-100057048385781/,Social Media,https://www.google.com/maps/place/Miss+C+Salon/data=!4m7!3m6!1s0x3397cf03ddb1ea9d:0x5df745a15327b436!8m2!3d14.4833631!4d121.0374857!16s%2Fg%2F11bw5m993d!19sChIJneqx3QPPlzMRNrQnU6FF910?authuser=0&hl=en&g_ep=EgoyMDI2MDkyOC4wIJJjKgBIAVAD&rclk=1
The Brow Studio - SM City BF Paranaque,Beauty salon,5,35,"BF Homes, Dr. A. Santos Avenue, cor President's Ave",Open · Closes 9 PM,https://thebrowstudio.ph/,Dedicated Website,https://www.google.com/maps/place/The+Brow+Studio+-+SM+City+BF+Paranaque/data=!4m7!3m6!1s0x3397cfd9d11a2c09:0xfb9d5df3055b740e!8m2!3d14.4583539!4d121.0319656!16s%2Fg%2F11xp42110h!19sChIJCSwa0dnPlzMRDnRbBfNdnfs?authuser=0&hl=en&g_ep=EgoyMDI2MDkyOC4wIJJjKgBIAVAD&rclk=1
Douche Hair Salon Baclaran paranaque city,Hair salon,3.8,14,"R2, douche salon, 210 Quirino Ave",Open · Closes 9 PM,,No Link,https://www.google.com/maps/place/Douche+Hair+Salon+Baclaran+paranaque+city/data=!4m7!3m6!1s0x3397c951878ff69f:0xc788b2526595a7f6!8m2!3d14.531093!4d120.9968142!16s%2Fg%2F11c6pm6_0v!19sChIJn_aPh1HJlzMR9qeVZVKyiMc?authuser=0&hl=en&g_ep=EgoyMDI2MDkyOC4wIJJjKgBIAVAD&rclk=1
Hyejin's Salon main branch,Beauty salon,5,1,"C Building, Per Mar, 8290 Dr Arcadio Santos Ave",Open · Closes 8 PM,,No Link,https://www.google.com/maps/place/Hyejin%27s+Salon+main+branch/data=!4m7!3m6!1s0x3397cf2291ba448f:0xe10350c314352b6a!8m2!3d14.4708313!4d121.0079416!16s%2Fg%2F11yfbx1fkm!19sChIJj0S6kSLPlzMRais1FMNQA-E?authuser=0&hl=en&g_ep=EgoyMDI2MDkyOC4wIJJjKgBIAVAD&rclk=1
Creations By Lourd Ramos Salon BF Homes Parañaque,Beauty salon,4,8,C2VH+XCM,Open · Closes 8 PM,http://fb.com/creationsbfhomes,Social Media,https://www.google.com/maps/place/Creations+By+Lourd+Ramos+Salon+BF+Homes+Para%C3%B1aque/data=!4m7!3m6!1s0x3397cf34c5c153eb:0x27d790256548e351!8m2!3d14.4449646!4d121.0285533!16s%2Fg%2F11h6lz5zb3!19sChIJ61PBxTTPlzMRUeNIZSWQ1yc?authuser=0&hl=en&g_ep=EgoyMDI2MDkyOC4wIJJjKgBIAVAD&rclk=1
iCon Salon,Beauty salon,4.2,5,"F2WM+X68, Edison Ave",Open · Closes 5 PM,,No Link,https://www.google.com/maps/place/iCon+Salon/data=!4m7!3m6!1s0x3397cee02eeb8671:0x6f63969b29e9159f!8m2!3d14.4974237!4d121.0330778!16s%2Fg%2F11fy27j3l_!19sChIJcYbrLuDOlzMRnxXpKZuWY28?authuser=0&hl=en&g_ep=EgoyMDI2MDkyOC4wIJJjKgBIAVAD&rclk=1
Salon De Belleza PH - BF Homes,Hair salon,4.3,46,29 Aguirre Ave,Open now,https://www.facebook.com/salondebellezaphbfparanaque,Social Media,https://www.google.com/maps/place/Salon+De+Belleza+PH+-+BF+Homes/data=!4m7!3m6!1s0x3397cfab2673cb5b:0xada767d21b8bcb15!8m2!3d14.4448556!4d121.0269918!16s%2Fg%2F11w35clfdm!19sChIJW8tzJqvPlzMRFcuLG9Jnp60?authuser=0&hl=en&g_ep=EgoyMDI2MDkyOC4wIJJjKgBIAVAD&rclk=1
Lanz Salon,Beauty salon,4.3,22,4545 Quirino Ave,,,No Link,https://www.google.com/maps/place/Lanz+Salon/data=!4m7!3m6!1s0x3397ce9ed6be2c0b:0x1cee9d99b05570bc!8m2!3d14.5027003!4d120.9929287!16s%2Fg%2F11bwpzgv4l!19sChIJCyy-1p7OlzMRvHBVsJmd7hw?authuser=0&hl=en&g_ep=EgoyMDI2MDkyOC4wIJJjKgBIAVAD&rclk=1
StayChic.mnl,Nail salon,4.6,11,"Blk 1, Lot32B Seaside, Seaside Dr",Open · Closes 11 PM,https://www.facebook.com/shaidelaine.abril?mibextid=ZbWKwL,Social Media,https://www.google.com/maps/place/StayChic.mnl/data=!4m7!3m6!1s0x3397cf002ecafef7:0x259b01aa91bbe402!8m2!3d14.5161024!4d120.9934332!16s%2Fg%2F11vy2b6rjh!19sChIJ9_7KLgDPlzMRAuS7kaoBmyU?authuser=0&hl=en&g_ep=EgoyMDI2MDkyOC4wIJJjKgBIAVAD&rclk=1
Forever Klassy Nails Salon Beauty Lounge,Nail salon,5,3,St Francis,Open · Closes 9 PM,,No Link,https://www.google.com/maps/place/Forever+Klassy+Nails+Salon+Beauty+Lounge/data=!4m7!3m6!1s0x3397cf23c1d86911:0x4208a94b1b7afbe7!8m2!3d14.4919719!4d121.0121003!16s%2Fg%2F11rcx8qf_p!19sChIJEWnYwSPPlzMR5_t6G0upCEI?authuser=0&hl=en&g_ep=EgoyMDI2MDkyOC4wIJJjKgBIAVAD&rclk=1
Edwin Salon Sucat Branch,Beauty salon,4.3,10,F27J+365,Open · Closes 9 PM,,No Link,https://www.google.com/maps/place/Edwin+Salon+Sucat+Branch/data=!4m7!3m6!1s0x3397ce4b9fd10fb5:0xee9e588a809d651c!8m2!3d14.462628!4d121.030612!16s%2Fg%2F11f3456mvw!19sChIJtQ_Rn0vOlzMRHGWdgIpYnu4?authuser=0&hl=en&g_ep=EgoyMDI2MDkyOC4wIJJjKgBIAVAD&rclk=1
Mirangcurl Ayala Manila Bay,Beauty salon,4.3,58,,Open · Closes 9 PM,,No Link,https://www.google.com/maps/place/Mirangcurl+Ayala+Manila+Bay/data=!4m7!3m6!1s0x3397cfb72c43093b:0x956ae8417f99c43b!8m2!3d14.5246354!4d120.9899216!16s%2Fg%2F11v3nnxt87!19sChIJOwlDLLfPlzMRO8SZf0HoapU?authuser=0&hl=en&g_ep=EgoyMDI2MDkyOC4wIJJjKgBIAVAD&rclk=1
Beauty Couture Betterliving,Skin care clinic,5,32,61 Doña Soledad Ave,Open · Closes 8 PM,,No Link,https://www.google.com/maps/place/Beauty+Couture+Betterliving/data=!4m7!3m6!1s0x3397cf04c7d0b1ef:0x4333dad27b1e01c7!8m2!3d14.4827732!4d121.0373477!16s%2Fg%2F11tx54n0rx!19sChIJ77HQxwTPlzMRxwEee9LaM0M?authuser=0&hl=en&g_ep=EgoyMDI2MDkyOC4wIJJjKgBIAVAD&rclk=1
MOOI Parañaque,Skin care clinic,4.8,11,"2F, Retail Area, Amaia Steps Sucat, Dr Arcadio Santos Ave",Open · Closes 8 PM,,No Link,https://www.google.com/maps/place/MOOI+Para%C3%B1aque/data=!4m7!3m6!1s0x3397ce48fcee16dd:0x47029bba54de9d94!8m2!3d14.4625843!4d121.024964!16s%2Fg%2F11gfd_z84g!19sChIJ3Rbu_EjOlzMRlJ3eVLqbAkc?authuser=0&hl=en&g_ep=EgoyMDI2MDkyOC4wIJJjKgBIAVAD&rclk=1
Syd & Zia,Beauty salon,4.2,23,3565 C. Rivera,Closed · Opens 9 AM Fri,https://www.facebook.com/SYD-ZIA-109701237272588/,Social Media,https://www.google.com/maps/place/Syd+%26+Zia/data=!4m7!3m6!1s0x3397c97a7374c893:0xad6a7c983c3c2aac!8m2!3d14.5292962!4d120.9965408!16s%2Fg%2F11qsvz6fp8!19sChIJk8h0c3rJlzMRrCo8PJh8aq0?authuser=0&hl=en&g_ep=EgoyMDI2MDkyOC4wIJJjKgBIAVAD&rclk=1
Unicorn Touch Salon,Beauty salon,5,1,1084 Quirino Ave,Open · Closes 9 PM,,No Link,https://www.google.com/maps/place/Unicorn+Touch+Salon/data=!4m7!3m6!1s0x3397cf300667d9a9:0x5ded5c029f1f08b4!8m2!3d14.4993705!4d120.9908722!16s%2Fg%2F11s7vqwly5!19sChIJqdlnBjDPlzMRtAgfnwJc7V0?authuser=0&hl=en&g_ep=EgoyMDI2MDkyOC4wIJJjKgBIAVAD&rclk=1
Anthony's Studio Hair & Nails,Hair salon,4.1,20,"Second Floor, Parqal Mall",Open now,,No Link,https://www.google.com/maps/place/Anthony%27s+Studio+Hair+%26+Nails/data=!4m7!3m6!1s0x3397c95755984101:0x6b8dee415cdc5edc!8m2!3d14.5269007!4d120.989148!16s%2Fg%2F11vbwgfvl8!19sChIJAUGYVVfJlzMR3F7cXEHujWs?authuser=0&hl=en&g_ep=EgoyMDI2MDkyOC4wIJJjKgBIAVAD&rclk=1
The Colorist SM Bicutan,Beauty supply store,5,61,"The Colorist, C113-C114, Upper Ground Floor SM Bicutan, Dona Soledad Avenue, corner South Luzon Expy",Open · Closes 9 PM,https://www.kkgroup.cn/the-colorist,Dedicated Website,https://www.google.com/maps/place/The+Colorist+SM+Bicutan/data=!4m7!3m6!1s0x3397cf5c773a1e0f:0x7576275e7328d353!8m2!3d14.4857882!4d121.0281383!16s%2Fg%2F11ylpqlr22!19sChIJDx46d1zPlzMRU9Moc14ndnU?authuser=0&hl=en&g_ep=EgoyMDI2MDkyOC4wIJJjKgBIAVAD&rclk=1
YOU ARE GORGEOUS SALON,Beauty salon,5,2,F2QM+XM6,Open · Closes 6 PM,,No Link,https://www.google.com/maps/place/YOU+ARE+GORGEOUS+SALON/data=!4m7!3m6!1s0x3397cfdf527b2407:0x44bc50a846b5f69b!8m2!3d14.4899178!4d121.0341557!16s%2Fg%2F11jd96z19l!19sChIJByR7Ut_PlzMRm_a1RqhQvEQ?authuser=0&hl=en&g_ep=EgoyMDI2MDkyOC4wIJJjKgBIAVAD&rclk=1
Nilo's Cut Salon,Hair salon,4.8,4,112 Dona Soledad Avenue Better Living Subdivision,Open now,,No Link,https://www.google.com/maps/place/Nilo%27s+Cut+Salon/data=!4m7!3m6!1s0x3397cefe0c78387f:0x7a87c8243124b97e!8m2!3d14.483884!4d121.032295!16s%2Fg%2F11bwgwfhn2!19sChIJfzh4DP7OlzMRfrkkMSTIh3o?authuser=0&hl=en&g_ep=EgoyMDI2MDkyOC4wIJJjKgBIAVAD&rclk=1
Lavish Touch BEAUTY SALON,Beauty salon,5,1,"F2M9+5HJ, Levitown Ave",Open now,,No Link,https://www.google.com/maps/place/Lavish+Touch+BEAUTY+SALON/data=!4m7!3m6!1s0x3397cef44ae28b53:0x53056af814fcff70!8m2!3d14.4829541!4d121.0188853!16s%2Fg%2F11kk6z67k0!19sChIJU4viSvTOlzMRcP_8FPhqBVM?authuser=0&hl=en&g_ep=EgoyMDI2MDkyOC4wIJJjKgBIAVAD&rclk=1
Dear Nails Studio Betterliving,Nail salon,4.5,55,72 Doña Soledad Ave,Open · Closes 11 PM,,No Link,https://www.google.com/maps/place/Dear+Nails+Studio+Betterliving/data=!4m7!3m6!1s0x8e8f8fa0430fbbbf:0x1522e54020fb468f!8m2!3d14.482517!4d121.036157!16s%2Fg%2F11sdyjh05n!19sChIJv7sPQ6CPj44Rj0b7IEDlIhU?authuser=0&hl=en&g_ep=EgoyMDI2MDkyOC4wIJJjKgBIAVAD&rclk=1
AB & GG Salon,Beauty salon,5,10,"C2WH+M73, J. L. Escoda St",Closed · Opens 8 AM Fri,https://www.facebook.com/angelbaldomero/,Social Media,https://www.google.com/maps/place/AB+%26+GG+Salon/data=!4m7!3m6!1s0x3397cfff84b173c3:0x407a1eabfec431d1!8m2!3d14.4466298!4d121.0281834!16s%2Fg%2F11rqzbnz9n!19sChIJw3OxhP_PlzMR0THE_qseekA?authuser=0&hl=en&g_ep=EgoyMDI2MDkyOC4wIJJjKgBIAVAD&rclk=1
Nail Paradise,Beauty salon,4.3,6,"2/F, MR Building, 1084 Quirino Ave",Open · Closes 9 PM,,No Link,https://www.google.com/maps/place/Nail+Paradise/data=!4m7!3m6!1s0x3397ce9e8411dc1d:0x5168638b08634677!8m2!3d14.4995573!4d120.9909572!16s%2Fg%2F1hm328l5p!19sChIJHdwRhJ7OlzMRd0ZjCItjaFE?authuser=0&hl=en&g_ep=EgoyMDI2MDkyOC4wIJJjKgBIAVAD&rclk=1
Magic Touch Studio Salon,Beauty salon,5,1,"139, One Summit Building, Saudi Arabia",Open · Closes 6 PM,,No Link,https://www.google.com/maps/place/Magic+Touch+Studio+Salon/data=!4m7!3m6!1s0x3397cf1680ac28f9:0x8589004760d99cee!8m2!3d14.4840642!4d121.0241371!16s%2Fg%2F11r3v3dgvz!19sChIJ-SisgBbPlzMR7pzZYEcAiYU?authuser=0&hl=en&g_ep=EgoyMDI2MDkyOC4wIJJjKgBIAVAD&rclk=1
Sihanna Beauty Salon,Hair salon,,,"Bakawan street, Purok 1 Silverio Compound Rd",Open · Closes 9 PM,,No Link,https://www.google.com/maps/place/Sihanna+Beauty+Salon/data=!4m7!3m6!1s0x3397cf0bcdc3e261:0x3ca48c6e50fd68a6!8m2!3d14.4690366!4d121.0117391!16s%2Fg%2F11zgqyc4j3!19sChIJYeLDzQvPlzMRpmj9UG6MpDw?authuser=0&hl=en&g_ep=EgoyMDI2MDkyOC4wIJJjKgBIAVAD&rclk=1
Cait and Ping Nail Salon,Nail salon,4.6,31,2F President's Ave,Open · Closes 9 PM,https://www.instagram.com/caitpingnailsalon,Social Media,https://www.google.com/maps/place/Cait+and+Ping+Nail+Salon/data=!4m7!3m6!1s0x3397cfc292ea20bd:0xac83d4af8feef4a0!8m2!3d14.4504554!4d121.0302827!16s%2Fg%2F11ll5tfx6h!19sChIJvSDqksLPlzMRoPTuj6_Ug6w?authuser=0&hl=en&g_ep=EgoyMDI2MDkyOC4wIJJjKgBIAVAD&rclk=1
Levy Branzuela Salon,Beauty salon,4.5,16,Lot 4 Palanyag Road,Open · Closes 8:30 PM,https://levy-branzuela-salon.base44.app/?fbclid=IwdGRleASvQepwZG9mA2ZkaWQWUJkt9eE8tPCIE3WGNsvHQf667cAJyWV4dG4DYWVtAjExAHNydGMGYXBwX2lkCjY2Mjg1NjgzNzkAAR4IMcmAmvQ2A8cfTsDdF8iLGeRBcgH6OS7Hs3Vi6MB_hDWsU3HTw3X7lcenCw_aem_lgG1N2OP-2vN1GDZaNbbKw,Dedicated Website,https://www.google.com/maps/place/Levy+Branzuela+Salon/data=!4m7!3m6!1s0x3397ce7ab4a53a73:0x36a07da08fb2f865!8m2!3d14.474552!4d120.999051!16s%2Fg%2F11bwn7w024!19sChIJczqltHrOlzMRZfiyj6B9oDY?authuser=0&hl=en&g_ep=EgoyMDI2MDkyOC4wIJJjKgBIAVAD&rclk=1
Gilbert Salon,Beauty salon,5,4,Daang Hari,Open · Closes 9 PM,,No Link,https://www.google.com/maps/place/Gilbert+Salon/data=!4m7!3m6!1s0x3397cf08ec970d9b:0xed71d09530ac3280!8m2!3d14.4755899!4d121.048099!16s%2Fg%2F11t9118r5w!19sChIJmw2X7AjPlzMRgDKsMJXQce0?authuser=0&hl=en&g_ep=EgoyMDI2MDkyOC4wIJJjKgBIAVAD&rclk=1
Herry Salon,Beauty salon,3.3,4,"371Nersan Square, Quirino Ave",Open · Closes 9 PM,,No Link,https://www.google.com/maps/place/Herry+Salon/data=!4m7!3m6!1s0x3397cf8d751b1347:0x4fc7099d2e21e5b9!8m2!3d14.5049968!4d120.9936733!16s%2Fg%2F11g3y8ggh2!19sChIJRxMbdY3PlzMRueUhLp0Jx08?authuser=0&hl=en&g_ep=EgoyMDI2MDkyOC4wIJJjKgBIAVAD&rclk=1
Strands for Him and Her Salon,Beauty salon,5,1,"UNIT E - R.L.V Building, 349 Aguirre Ave, Parañaque, 1720",Open · Closes 7 PM,,No Link,https://www.google.com/maps/place/Strands+for+Him+and+Her+Salon/data=!4m7!3m6!1s0x3397cfcb0d5ce815:0x76703d6d0764196!8m2!3d14.4563282!4d121.0065992!16s%2Fg%2F11vwzpvyvf!19sChIJFehcDcvPlzMRlkF20NYDZwc?authuser=0&hl=en&g_ep=EgoyMDI2MDkyOC4wIJJjKgBIAVAD&rclk=1
AZAYAKA SALON AND SPA,Beauty salon,4.4,9,"Lot 3 Block 2, Unit A Gatchalian Ave",,,No Link,https://www.google.com/maps/place/AZAYAKA+SALON+AND+SPA/data=!4m7!3m6!1s0x3397cf07f651f9bb:0xfad241a7d2078f12!8m2!3d14.4743981!4d120.9982821!16s%2Fg%2F11t_t_pwc_!19sChIJu_lR9gfPlzMREo8H0qdB0vo?authuser=0&hl=en&g_ep=EgoyMDI2MDkyOC4wIJJjKgBIAVAD&rclk=1
Lewnara Salon And Spa,Beauty salon,5,2,"Valley 1, 135 San Antonio Ave",Open now,,No Link,https://www.google.com/maps/place/Lewnara+Salon+And+Spa/data=!4m7!3m6!1s0x3397ce456ebebe27:0xeddd414a71e9efea!8m2!3d14.4685829!4d121.0210126!16s%2Fg%2F11bw75vcc0!19sChIJJ76-bkXOlzMR6u_pcUpB3e0?authuser=0&hl=en&g_ep=EgoyMDI2MDkyOC4wIJJjKgBIAVAD&rclk=1
Beautigorgesalon,Beauty salon,5,1,"23 Russia Street, Cor United Nations",Open · Closes 8 PM,,No Link,https://www.google.com/maps/place/Beautigorgesalon/data=!4m7!3m6!1s0x3397cf3ac4d64a9d:0x42f1405ba2da811a!8m2!3d14.4861077!4d121.0267992!16s%2Fg%2F11shw49svf!19sChIJnUrWxDrPlzMRGoHaoltA8UI?authuser=0&hl=en&g_ep=EgoyMDI2MDkyOC4wIJJjKgBIAVAD&rclk=1
Cosmo World Salon,Massage spa,4.3,15,101 Aguirre Ave,,http://www.facebook.com/cosmoworldsalon,Social Media,https://www.google.com/maps/place/Cosmo+World+Salon/data=!4m7!3m6!1s0x3397ce3b98496c93:0x7cd6ea437667fec1!8m2!3d14.446345!4d121.020468!16s%2Fg%2F11pzv74fjr!19sChIJk2xJmDvOlzMRwf5ndkPq1nw?authuser=0&hl=en&g_ep=EgoyMDI2MDkyOC4wIJJjKgBIAVAD&rclk=1
Oh So Surreal Nails and Beauty Studio,Nail salon,5,1,98 Doña Soledad Ave,Open · Closes 9 PM,https://www.facebook.com/profile.php?id=61556124727543&mibextid=ZbWKwL,Social Media,https://www.google.com/maps/place/Oh+So+Surreal+Nails+and+Beauty+Studio/data=!4m7!3m6!1s0x3397cf9fd3e37707:0xb8e6d60abbc68fc!8m2!3d14.483463!4d121.033496!16s%2Fg%2F11y48rmyz2!19sChIJB3fj05_PlzMR_Gi8q2Btjgs?authuser=0&hl=en&g_ep=EgoyMDI2MDkyOC4wIJJjKgBIAVAD&rclk=1
BEYOUTHFUL BY W&R,Beauty salon,5,2,"Unit 2C, EXIT, FECC BLDG, Doña Soledad Ave",Open · Closes 10 PM,https://www.facebook.com/profile.php?id=100092392698827&mibextid=LQQJ4d,Social Media,https://www.google.com/maps/place/BEYOUTHFUL+BY+W%26R/data=!4m7!3m6!1s0x3397cfcf15908ddf:0x91ca4fcfb21411ab!8m2!3d14.4921066!4d121.0247159!16s%2Fg%2F11stxnxq1f!19sChIJ342QFc_PlzMRqxEUss9PypE?authuser=0&hl=en&g_ep=EgoyMDI2MDkyOC4wIJJjKgBIAVAD&rclk=1
Cueva Hair Studio Parañaque,Barber shop,3.6,5,"Unit 304 Lot 27, Block 3 Doña Soledad Ave",Open · Closes 9 PM,https://www.facebook.com/share/17CJMzxjdv/?mibextid=wwXIfr,Social Media,https://www.google.com/maps/place/Cueva+Hair+Studio+Para%C3%B1aque/data=!4m7!3m6!1s0x3397cf004342df53:0xb6bb519a66a83391!8m2!3d14.488671!4d121.0207534!16s%2Fg%2F11z6snngnj!19sChIJU99CQwDPlzMRkTOoZppRu7Y?authuser=0&hl=en&g_ep=EgoyMDI2MDkyOC4wIJJjKgBIAVAD&rclk=1
Ze Red Z Salon,Beauty salon,4.6,7,179 Aguirre Ave,Closes soon · 5 PM Opens 9 AM Fri,,No Link,https://www.google.com/maps/place/Ze+Red+Z+Salon/data=!4m7!3m6!1s0x3397ce3b3bb8ae39:0x88fd75b1fb873e66!8m2!3d14.4510574!4d121.0181843!16s%2Fg%2F11ckrg114d!19sChIJOa64OzvOlzMRZj6H-7F1_Yg?authuser=0&hl=en&g_ep=EgoyMDI2MDkyOC4wIJJjKgBIAVAD&rclk=1
Stephanie Glam Salon,Hair salon,2,1,8166 Juanita De Leon,Open · Closes 8 PM,https://www.facebook.com/share/1ATPTBMAa7/,Social Media,https://www.google.com/maps/place/Stephanie+Glam+Salon/data=!4m7!3m6!1s0x3397cff831d8a8c5:0x8070b4c6fafdf2ac!8m2!3d14.4805785!4d120.9965141!16s%2Fg%2F11n3pv34yt!19sChIJxajYMfjPlzMRrPL9-sa0cIA?authuser=0&hl=en&g_ep=EgoyMDI2MDkyOC4wIJJjKgBIAVAD&rclk=1
Andrea Beauty Salon,Beauty salon,,,"F27J+PH4, Editorial Ln",Open now,,No Link,https://www.google.com/maps/place/Andrea+Beauty+Salon/data=!4m7!3m6!1s0x3397ce4c9a96d637:0xc337f2bc257b770c!8m2!3d14.464265!4d121.03146!16s%2Fg%2F11kk6z94lj!19sChIJN9aWmkzOlzMRDHd7JbzyN8M?authuser=0&hl=en&g_ep=EgoyMDI2MDkyOC4wIJJjKgBIAVAD&rclk=1
David's Salon - Santana Grove (Sucat Road),Beauty salon,3.5,78,"GR Floor, Santana Grove, Dr Arcadio Santos Ave",Open · Closes 8 PM,http://www.davidsalon.com.ph/,Dedicated Website,https://www.google.com/maps/place/David%27s+Salon+-+Santana+Grove+%28Sucat+Road%29/data=!4m7!3m6!1s0x3397cfca8a52ba29:0x6ad3bca6e2dc4c36!8m2!3d14.4567443!4d121.0363725!16s%2Fg%2F11bzvzv7t5!19sChIJKbpSisrPlzMRNkzc4qa802o?authuser=0&hl=en&g_ep=EgoyMDI2MDkyOC4wIJJjKgBIAVAD&rclk=1
Headmiles Salon,Beauty salon,5,1,"Better Living Subdivision, Ethiopia",Open · Closes 7:30 PM,,No Link,https://www.google.com/maps/place/Headmiles+Salon/data=!4m7!3m6!1s0x3397cfba80d3e8f1:0x1474a214c7ceb7f7!8m2!3d14.4843574!4d121.0318784!16s%2Fg%2F11vd9qvskw!19sChIJ8ejTgLrPlzMR97fOxxSidBQ?authuser=0&hl=en&g_ep=EgoyMDI2MDkyOC4wIJJjKgBIAVAD&rclk=1
Dolls Beauty Salon BF HOMES PARANAQUE BRANCH,Beauty salon,3.1,8,"45-I Aguirre avenue, corner Bb. Ramona Tirona",Open · Closes 9 PM,,No Link,https://www.google.com/maps/place/Dolls+Beauty+Salon+BF+HOMES+PARANAQUE+BRANCH/data=!4m7!3m6!1s0x3397cf44eec7f14b:0x1c8c23e930e2cf2d!8m2!3d14.4447879!4d121.025273!16s%2Fg%2F11y40tqr9g!19sChIJS_HH7kTPlzMRLc_iMOkjjBw?authuser=0&hl=en&g_ep=EgoyMDI2MDkyOC4wIJJjKgBIAVAD&rclk=1
SwanLyn Pampaganda,Nail salon,,,,,,No Link,https://www.google.com/maps/place/SwanLyn+Pampaganda/data=!4m7!3m6!1s0x3397ce251ab6330f:0xd336ca5a6232b408!8m2!3d14.448017!4d121.019777!16s%2Fg%2F11fy236g9r!19sChIJDzO2GiXOlzMRCLQyYlrKNtM?authuser=0&hl=en&g_ep=EgoyMDI2MDkyOC4wIJJjKgBIAVAD&rclk=1
