"hfpxzc href","xxVWCe","MW4etd","UY7F9","W4Efsd","W4Efsd 2","W4Efsd 3","W4Efsd 4","W4Efsd 5","FQ2IWe src","Jn12ke src","ah5Ghc","ah5Ghc 2","ah5Ghc 3"
"","","","","","","","","","","","","",""
"","","","","","","","","","","","","",""
"https://www.google.com/maps/place/Purique+Salon+%26+Spa+Inc./data=!4m7!3m6!1s0x3397c9006fc5eef1:0xcf282c4494ef3bdf!8m2!3d14.55086!4d121.048661!16s%2Fg%2F11x1nqjm5g!19sChIJ8e7FbwDJlzMR3zvvlEQsKM8?authuser=0&hl=en&g_ep=EgoyMDI2MDkyOC4wIJJjKgBIAVAD&rclk=1","Purique Salon & Spa Inc.","4.9","(1,093)","Beauty salon","·","7th Avenue","Open","· Closes 8 PM","https://lh3.googleusercontent.com/gps-cs-s/ANWiy9ShucghlaI50kC8rO1LNp-FvZ-v5KU2ZB3WIFhcV1UywUrt45GvPxpextIMSQqX3jnuiY5PcEF0zJW2WhlmxtAQOyYfgt1r1qO-dkkXbjGeIkYc3-V387KDKnO48unt2h6yV-AtKijBcEon=w64-h74-p-k-no","","","",""
"https://www.google.com/maps/place/Couture+Studio+Hair+and+Nails+BGC/data=!4m7!3m6!1s0x3397c957f5573807:0x8f419dd921742966!8m2!3d14.550349!4d121.050407!16s%2Fg%2F11w_mjypqy!19sChIJBzhX9VfJlzMRZil0IdmdQY8?authuser=0&hl=en&g_ep=EgoyMDI2MDkyOC4wIJJjKgBIAVAD&rclk=1","Couture Studio Hair and Nails BGC","4.8","(435)","Beauty salon","·","Bonifacio High Street","Open","· Closes 9 PM","https://lh3.googleusercontent.com/gps-cs-s/AHRPTWkMNSQFK7avcoFcftJ_huvCjd5EvMi39fpO0aJmXAHbo5N9F8sCxqpO7jRdLLhVBUSkUPaDwXubI7RptLChcN3d_FMT4VdI8mMkhTUt0SG1XBJ3xevGDHNzjv3KyGUM2D1CyajS121JwQQ=w64-h74-p-k-no","","","",""
"https://www.google.com/maps/place/Salon+De+Yannah+%28BF+Homes%29+-+Eyelashes,+Nails+%26+Hair+Salon/data=!4m7!3m6!1s0x3397cfd3e682771d:0x8abe810f420b075a!8m2!3d14.4537788!4d121.030514!16s%2Fg%2F11t_w2q4ff!19sChIJHXeC5tPPlzMRWgcLQg-Bvoo?authuser=0&hl=en&g_ep=EgoyMDI2MDkyOC4wIJJjKgBIAVAD&rclk=1","Salon De Yannah (BF Homes) - Eyelashes, Nails & Hair Salon","4.9","(370)","Hair salon","·","83 President's Ave","Open","· Closes 8 PM","https://lh3.googleusercontent.com/grass-cs/ACvplmOQQv9ovf-aMHAP4bAOn80H1gStbokoe7HOuG_K8cPfkcDr4l9RgiO61pFEzcahi4eRJUHo3eTL9lrgUlYF0fcgALqmNW_5f4x_TrMdeI3A3fg6QWsl_kN3GMFbCfm3tfL-0_BQu1B-B7jV=w80-h106-k-no","https://ssl.gstatic.com/local/servicebusiness/default_user.png","""Did my","Hair","color, pedi cure and manicure and i was so impressed."""
"https://www.google.com/maps/place/Daisy+Beauty+Salon+by+Mike+Escalante/data=!4m7!3m6!1s0x3397cf3987cb18e5:0xeb1b8341c9797d3f!8m2!3d14.4685307!4d121.0217196!16s%2Fg%2F11yy17875z!19sChIJ5RjLhznPlzMRP315yUGDG-s?authuser=0&hl=en&g_ep=EgoyMDI2MDkyOC4wIJJjKgBIAVAD&rclk=1","Daisy Beauty Salon by Mike Escalante","5.0","(35)","Beauty salon","·","Unit Stall D., 248 San Pancrasio Street, SAV1","Open","· Closes 8 PM","https://lh3.googleusercontent.com/grass-cs/ACvplmPK0A212mAWX-aiLOJzyAnuQ_FcvWu0cR5aBZ_Kf5VDZ1rqkJ3APeo_aRenhIAbuyYCvDiT0s0EKYaUnjOknqCE2H5uiiTVQW4KXR8CS2J1CWyU9nfx3ptMK6lsEmf_YVJ04kXXTHbC9_3C=w80-h106-k-no","https://ssl.gstatic.com/local/servicebusiness/default_user.png","""The","salon","was clean, relaxing, and the service was outstanding."""
"https://www.google.com/maps/place/The+More+Beauty+Korean+Hair+Salon/data=!4m7!3m6!1s0x3397c987ec2786e1:0x4cae122ddfac024c!8m2!3d14.5269577!4d120.9893881!16s%2Fg%2F11x84lqywd!19sChIJ4YYn7IfJlzMRTAKs3y0Srkw?authuser=0&hl=en&g_ep=EgoyMDI2MDkyOC4wIJJjKgBIAVAD&rclk=1","The More Beauty Korean Hair Salon","4.8","(185)","Hair salon","·","2nd Floor, Parqal Mall, Aseana City, Bldg, Parañaque City PH, 9 Diosdado Macapagal Blvd","Open","· Closes 8 PM","https://lh3.googleusercontent.com/grass-cs/ACvplmO8c6NX52NL0KbG65eoZJt-6l5j4tM77c3Ij6DSC6Pm2uxWRYgm2s2g1XEMQVoUKN4h9lU7fho1iSTGRdV44FxVv3pfYjinvQ6oujvuGbuWC7Z526kYLguEEzmcgKfZXcqPR5nF_phw6JY=w80-h106-k-no","https://ssl.gstatic.com/local/servicebusiness/default_user.png","""The","salon","is very clean and the staff are very accommodating."""
"https://www.google.com/maps/place/Fashionista+Beauty+Salon/data=!4m7!3m6!1s0x3397c9e9a826f1a3:0x1edfad13b0bc8032!8m2!3d14.529254!4d120.9958808!16s%2Fg%2F11v0tdfty4!19sChIJo_EmqOnJlzMRMoC8sBOt3x4?authuser=0&hl=en&g_ep=EgoyMDI2MDkyOC4wIJJjKgBIAVAD&rclk=1","Fashionista Beauty Salon","4.8","(39)","Beauty salon","·","1589 C. Rivera","Open","· Closes 9 PM","https://lh3.googleusercontent.com/grass-cs/ACvplmOPnG7e0EAldf7LeHEgcW9mxyywg9jcSaCZxhKOYSSy4BaXlZqGBrU2hXhARmbTor60bQFz2Gmj4FgnWl8ksPwMmlliLMo6uhz9acvqwbs4nHXJ2yUUQMkX48CGSGYIBGHsOSIxrQ=w122-h92-k-no","https://ssl.gstatic.com/local/servicebusiness/default_user.png","""The","salon","was clean, well-organized, and had a relaxing atmosphere."""
"https://www.google.com/maps/place/Glitter+Professional+Salon/data=!4m7!3m6!1s0x3397ce9ec9ab704d:0x9b767eac5767612f!8m2!3d14.5026219!4d120.9927607!16s%2Fg%2F119tq012l!19sChIJTXCryZ7OlzMRL2FnV6x-dps?authuser=0&hl=en&g_ep=EgoyMDI2MDkyOC4wIJJjKgBIAVAD&rclk=1","Glitter Professional Salon","4.8","(61)","Beauty salon","·","·","Open","· Closes 10 PM","https://lh3.googleusercontent.com/grass-cs/ACvplmPBOJDw5lsdKz_lU5zxy2zFWtM3CfocpUGR2T0auYLk4kW097umffKjRExPIVzyUG4g-_aAHAWSSb24yKggpFlqAXT4b9ND10wNzW6gV2iN9xZZnpdQaH-NArITZ4JApl8v3j9-Og=w92-h92-k-no","https://ssl.gstatic.com/local/servicebusiness/default_user.png","""I had a full body massage and it was one of the best massages I ever had.""","",""
"https://www.google.com/maps/place/Sandrea+Salon+PH/data=!4m7!3m6!1s0x3397cf007deadded:0x48208a9302504644!8m2!3d14.4662446!4d121.0098838!16s%2Fg%2F11x2lny2gm!19sChIJ7d3qfQDPlzMRREZQApOKIEg?authuser=0&hl=en&g_ep=EgoyMDI2MDkyOC4wIJJjKgBIAVAD&rclk=1","Sandrea Salon PH","4.9","(168)","Hair salon","·","BF Homes, El 0452A, El Grande Ave","Open","· Closes 10 PM","https://lh3.googleusercontent.com/grass-cs/ACvplmMnbEL-p4ClwhysRvSDJKstI2UIStJflYbO9rlU02B01pxDdpdlCaHKnEmwy_sNrTLyuNq7FGYqGZSwKEajb0JUG0hcwOQQMloCUW03zjv3FHZaOVcKYWB5wb07QBU0wWkqZVsHvRVWqEOJ=w80-h106-k-no","https://ssl.gstatic.com/local/servicebusiness/default_user.png","""Ms. Sheng and tita boleng di great with my","hair","."""
"https://www.google.com/maps/place/NE+SALON/data=!4m7!3m6!1s0x3397cfd4da831ff9:0x6b6c93ffeac6201c!8m2!3d14.5186724!4d120.9963209!16s%2Fg%2F11whh43ybm!19sChIJ-R-D2tTPlzMRHCDG6v-TbGs?authuser=0&hl=en&g_ep=EgoyMDI2MDkyOC4wIJJjKgBIAVAD&rclk=1","NE SALON","4.9","(277)","Beauty salon","·","592 Quirino Ave","Open","· Closes 10:30 PM","https://lh3.googleusercontent.com/grass-cs/ACvplmMs2y79IRRS0qBvX4KHNAayAzYW5M9VW1Qn9KIx4X49mRsF7uUMVhNBw2BXstJGPeTvkvQdzAfZluf6RCY9kPo5_skdmWhZxUl-_j7fLitLLW3jOx4EhGuyZzO92999RfAVTHQ=w80-h106-k-no","https://ssl.gstatic.com/local/servicebusiness/default_user.png","""The","salon","was clean, welcoming, and the service was excellent."""
"https://www.google.com/maps/place/Beauty+and+Brew/data=!4m7!3m6!1s0x3397cf00d620f673:0x3cbd8248929ff76d!8m2!3d14.4553493!4d121.0142431!16s%2Fg%2F11vblxtq83!19sChIJc_Yg1gDPlzMRbfefkkiCvTw?authuser=0&hl=en&g_ep=EgoyMDI2MDkyOC4wIJJjKgBIAVAD&rclk=1","Beauty and Brew","4.5","(91)","Beauty salon","·","262 Aguirre Ave","Open","· Closes 10 PM","https://lh3.googleusercontent.com/grass-cs/ACvplmNWdp67o_MlFrAhFK2Fqtxmi6RRMMdtS-3_3UO9nU99kHTM6C5tPVj04ObCUhCX2kZKlH7kFpKUYPMPr5YNdxZ5ju7hEgLKdnuzZ6gtfuQi0jhaG2GcIua43fBmc4HTXSpfplTy=w92-h92-k-no","https://ssl.gstatic.com/local/servicebusiness/default_user.png","""Very pleasant people,  they did my mani-pedicure and did a great job!""","",""
"https://www.google.com/maps/place/DAOL+Hair+Beauty+salon+%EB%AF%B8%EC%9A%A9%EC%8B%A4+%28Aseana%29/data=!4m7!3m6!1s0x3397cf895c35eaf3:0x386068bf48a3263f!8m2!3d14.5252266!4d120.9889466!16s%2Fg%2F11lf7flp7k!19sChIJ8-o1XInPlzMRPyajSL9oYDg?authuser=0&hl=en&g_ep=EgoyMDI2MDkyOC4wIJJjKgBIAVAD&rclk=1","DAOL Hair Beauty salon 미용실 (Aseana)","4.9","(1,225)","Hair salon","·","SECOND FLOOR, 8912 ASEAN AVENUE, BUILDING ASEANA CITY","Open","· Closes 8 PM","https://lh3.googleusercontent.com/grass-cs/ACvplmMp8R8N_BOlJna7bQ5pvmvB3rT-Y6kX0DJy5v-aR133sktfSAow7TqGhNm8b51xJjUDCteYuGZEWQ6lwj1wbfdUvBvPnDrmEJ8Od5IdABKIT93SdsKi_8B--WcWFU9yn-k9H8MT_mxQmamI=w80-h106-k-no","https://ssl.gstatic.com/local/servicebusiness/default_user.png","""The place is modern, clean, and really calming — perfect for a pamper day.""","",""
"https://www.google.com/maps/place/Fortune+Esthe+Para%C3%B1aque/data=!4m7!3m6!1s0x3397cf37046f0a7b:0x4a3749a7c55ca3b7!8m2!3d14.4834485!4d121.0343618!16s%2Fg%2F11kq2mz9s3!19sChIJewpvBDfPlzMRt6NcxadJN0o?authuser=0&hl=en&g_ep=EgoyMDI2MDkyOC4wIJJjKgBIAVAD&rclk=1","Fortune Esthe Parañaque","4.9","(74)","Beauty salon","·","Unit H, 89 Doña Soledad Ave","Open","· Closes 8 PM","https://lh3.googleusercontent.com/grass-cs/ACvplmN13r3MQWj8KkSwwz7RcjSAhZ0COWkd5Neeslgkxox79da8Rv3EtT-ZP3GfiWDrrO4VcKMj6Dmpr9E8bOFzorwvhlHoF26R50aaa0UHxX7q_sNE1oCBu1pf0RzgPq5gT89ZX3I=w80-h106-k-no","https://ssl.gstatic.com/local/servicebusiness/default_user.png","""Their treatments truly deliver results.""","",""
"https://www.google.com/maps/place/Koko+Beauty+Lounge/data=!4m7!3m6!1s0x3397cefa5bd22a59:0x12151f97134ddc30!8m2!3d14.4876542!4d121.0239914!16s%2Fg%2F11gwh3zqbh!19sChIJWSrSW_rOlzMRMNxNE5cfFRI?authuser=0&hl=en&g_ep=EgoyMDI2MDkyOC4wIJJjKgBIAVAD&rclk=1","Koko Beauty Lounge","4.9","(30)","Beauty salon","·","190 Doña Soledad Ave","Open","· Closes 8 PM","https://lh3.googleusercontent.com/grass-cs/ACvplmNLBKYOtGNek54Hv4Ja88p_qsLAfkG82Fz9smP0Bw4WO3oTyqyfOn5Ur8kWOsPSt1PF8GeM6NQC8O5HX8V-XdZmizIoXeSjPs5BmIp1wb4P8xNYSIkVQ7cOnJSs5l8_HFV2kaT7Bxzm_WSR=w80-h106-k-no","https://ssl.gstatic.com/local/servicebusiness/default_user.png","""The","salon","is clean, relaxing, and beautifully decorated."""
"https://www.google.com/maps/place/Cut+Encarnacion+Group+Of+Salon+Betterliving+Branch/data=!4m7!3m6!1s0x3397cefddf2f7289:0x9d13cf2049af3d2!8m2!3d14.4844888!4d121.0318638!16s%2Fg%2F11hcjwt5c9!19sChIJiXIv3_3OlzMR0vOaBPI80Qk?authuser=0&hl=en&g_ep=EgoyMDI2MDkyOC4wIJJjKgBIAVAD&rclk=1","Cut Encarnacion Group Of Salon Betterliving Branch","4.6","(59)","Beauty salon","·","119 Doña Soledad Ave","Open","· Closes 7:30 PM","https://lh3.googleusercontent.com/grass-cs/ACvplmNJ2os2y3d-BBr_gyKZZq7aywDS0_CTsaeUbqehzA0DUhkjfidDn4vYCC2FjDt3AgapNm_d_iRl3xRANm6WH0Q04wuVWniIIq9UutuqV7KYXNGKYgFSan77x9hiz6ir7oiomXc=w80-h106-k-no","https://ssl.gstatic.com/local/servicebusiness/default_user.png","""Friendly staff and great","haircut",""""
"https://www.google.com/maps/place/T%26J+Salon+Professionals+-+SM+SUCAT/data=!4m7!3m6!1s0x3397cf1f6066ef93:0xd8475608f26ac54e!8m2!3d14.4841384!4d120.9917547!16s%2Fg%2F11f9z5j619!19sChIJk-9mYB_PlzMRTsVq8ghWR9g?authuser=0&hl=en&g_ep=EgoyMDI2MDkyOC4wIJJjKgBIAVAD&rclk=1","T&J Salon Professionals - SM SUCAT","4.4","(105)","Hair salon","·","3rd Floor Building B, SM Sucat, formerly Dr Arcadio Santos Ave","Open","· Closes 9 PM","https://lh3.googleusercontent.com/grass-cs/ACvplmMU_Mr0Xuz4ZP3V5N_Hu3Z-Yj05ELQ4Tt_FkCReS_5wA156M57Z0U9j4iyFxaHBi5LfhDwHBCOg-5ba84k8bNHJ6PLcbCUSvf8QEIJLv0j6ZSgfrzSAuwM6g8vkpvss8vRZP9rk=w143-h92-k-no","https://ssl.gstatic.com/local/servicebusiness/default_user.png","""Staff are attentive and my","hair","looks great after the treatment."""
"https://www.google.com/maps/place/Azta+Urban+Salon/data=!4m7!3m6!1s0x3397cf6ae8d1d2db:0xffe8066f88d9ae92!8m2!3d14.5246328!4d120.9899638!16s%2Fg%2F11vq_xhqmw!19sChIJ29LR6GrPlzMRkq7ZiG8G6P8?authuser=0&hl=en&g_ep=EgoyMDI2MDkyOC4wIJJjKgBIAVAD&rclk=1","Azta Urban Salon","4.9","(413)","Hair salon","·","·","Open","· Closes 9 PM","https://lh3.googleusercontent.com/grass-cs/ACvplmORXmPCJEfvsJ2rrUYvS6p9uxtTNoUIcKefF6WJGFsoWCTywON9pQhS7cW-82hgdh3ZU38mFpomNyfb5AY7z4rNoCMTeZH7yuVaj4EcQOPFXhNdZxW9mys7Mo7X8E3PT8dV9vWB2qUT-_w=w80-h106-k-no","https://ssl.gstatic.com/local/servicebusiness/default_user.png","""i availed their","haircut","+"
"https://www.google.com/maps/place/Beauty+Lounge+WLM+SM+BF+PARANAQUE/data=!4m7!3m6!1s0x3397cfc3382fe857:0xfb9ac3f665ca4869!8m2!3d14.4572286!4d121.0328659!16s%2Fg%2F11nhhnpv4c!19sChIJV-gvOMPPlzMRaUjKZfbDmvs?authuser=0&hl=en&g_ep=EgoyMDI2MDkyOC4wIJJjKgBIAVAD&rclk=1","Beauty Lounge WLM SM BF PARANAQUE","5.0","(13)","Beauty salon","·","3rd Level, Wellness Area, SM City BF","Open","· Closes 9 PM","https://maps.gstatic.com/tactile/pane/result-no-thumbnail-1x.png","https://ssl.gstatic.com/local/servicebusiness/default_user.png","""Place is neat and nice, very accommodating staff, price is reasonable.""","",""
"https://www.google.com/maps/place/Triple+Z+Salon+and+Spa/data=!4m7!3m6!1s0x3397cf003781a879:0x5a0dff3788e0d904!8m2!3d14.4687509!4d121.0065386!16s%2Fg%2F11w9tbsbzw!19sChIJeaiBNwDPlzMRBNngiDf_DVo?authuser=0&hl=en&g_ep=EgoyMDI2MDkyOC4wIJJjKgBIAVAD&rclk=1","Triple Z Salon and Spa","4.7","(23)","Beauty salon","·","8750 San Pedro","Open","· Closes 12 AM","https://lh3.googleusercontent.com/grass-cs/ACvplmOi10tmxMSDoqHqT7r8oILkKjcG9jveIAA77TDSBr7YbZuLQ4t9AXr143iRBOXRKS-sfIQ6hP1FMJ90ZaRfYk5W-x3NLAWcmVzirXdex7qgbhDj8obUV5UtH104vswliJj0qSB0=w80-h142-k-no","https://ssl.gstatic.com/local/servicebusiness/default_user.png","""I Get my lashes and nails done here and every time they do an amazing job.""","",""
"https://www.google.com/maps/place/Micka+Studios/data=!4m7!3m6!1s0x3397cfd03702a8ed:0x8974bb3b7594d3ca!8m2!3d14.5035932!4d120.9958374!16s%2Fg%2F11zfq5zl_r!19sChIJ7agCN9DPlzMRytOUdTu7dIk?authuser=0&hl=en&g_ep=EgoyMDI2MDkyOC4wIJJjKgBIAVAD&rclk=1","Micka Studios","5.0","(14)","Eyelash salon","·","90, Santo Nino","Open","· Closes 7 PM","https://lh3.googleusercontent.com/grass-cs/ACvplmNcBdOUcZuPVFVaQBMwysyjT11XmgsQ183jjfdMW9Nr_iU3kJ6z6rpTNAAxr9LHWWf24zZaZSGieZv5MAl7ZApWx9b8tVWAjwITXgAuTnnqQD3YIV7jOXCQoJme4yAOAj-sG-fBCb6yvaw=w80-h100-k-no","https://ssl.gstatic.com/local/servicebusiness/default_user.png","""Love how natural the lash extensions look!""","",""
"https://www.google.com/maps/place/Cut+%26+Care+Salon/data=!4m7!3m6!1s0x3397ce4420d6292d:0x5aa20eac4ab76f30!8m2!3d14.4658324!4d121.0179603!16s%2Fg%2F11g72lyyps!19sChIJLSnWIETOlzMRMG-3SqwOolo?authuser=0&hl=en&g_ep=EgoyMDI2MDkyOC4wIJJjKgBIAVAD&rclk=1","Cut & Care Salon","2.9","(80)","Beauty salon","·","8288 Dr Arcadio Santos Ave","Open","· Closes 8:30 PM","https://lh3.googleusercontent.com/grass-cs/ACvplmNqZCUGHXVv02j0IFvh3UG0h9FPLElK9cVUMHWn-WLaGJDInRb0-U3rnY47DrmD-BPz0l1k-26Cdk4lVxMZRp67BXMjzCyl5SKIqHZx0xTBtoPfdbwHWdSfJwo03XZUVBnSxq4mqQ=w80-h106-k-no","https://ssl.gstatic.com/local/servicebusiness/default_user.png","""Their service rates are great but the results are superb🥰""","",""
"https://www.google.com/maps/place/K+QUEEN+SALON/data=!4m7!3m6!1s0x3397cf12b1a36bb3:0x60d7de00b4483216!8m2!3d14.4553815!4d121.0139251!16s%2Fg%2F11xm4fgs2q!19sChIJs2ujsRLPlzMRFjJItADe12A?authuser=0&hl=en&g_ep=EgoyMDI2MDkyOC4wIJJjKgBIAVAD&rclk=1","K QUEEN SALON","4.8","(21)","Beauty salon","·","2nd floor, BF Homes, Unit 203-204, 268 Aguirre Ave","Open","· Closes 9 PM","https://lh3.googleusercontent.com/grass-cs/ACvplmMZwpW8cw4j-esGlHQGYH88IuuT2zkWurIABYAcsPVSnjrOh6WjgDCDJask1k7K6Nr-I7jr9QZoDU1mAhM0jXLKNR2oUO0Py9pEPl3aI1T4xHdsULIDNTOSQ30pim2-pT47U3Olzze-YhVP=w80-h107-k-no","https://ssl.gstatic.com/local/servicebusiness/default_user.png","""I had my","hair","treatment and massage here, and it was worth every peso."""
"https://www.google.com/maps/place/Beauty+Squad+Lounge/data=!4m7!3m6!1s0x3397cf4f64bff883:0x6e3d2e776595eea4!8m2!3d14.4520716!4d121.0180356!16s%2Fg%2F11p_26x8ny!19sChIJg_i_ZE_PlzMRpO6VZXcuPW4?authuser=0&hl=en&g_ep=EgoyMDI2MDkyOC4wIJJjKgBIAVAD&rclk=1","Beauty Squad Lounge","5.0","(14)","Beauty salon","·","BF Homes, 188 La Rosa Bldg., Aguirre Ave, cor E.Dela Rama","Open","· Closes 8 PM","https://lh3.googleusercontent.com/grass-cs/ACvplmO8OOx6W-XkEuo8Pgx9iQHMRr39eNEciudRd-TTzZyYv9FBEgE-6tG71W_jRdgbLAsDsWlgSe6fMqXChR-_P4kLrdmrM7a_UpK_EQuFtZH0QIvxO4tLgQaxeAf4LmvwefLtE22BgQjrF5U=w163-h92-k-no","https://ssl.gstatic.com/local/servicebusiness/default_user.png","""My","hair","looked so natural, shiny, and healthy again!"""
"https://www.google.com/maps/place/Couture+Studio+Hair+and+Nails+BGC/data=!4m7!3m6!1s0x3397c957f5573807:0x8f419dd921742966!8m2!3d14.550349!4d121.050407!16s%2Fg%2F11w_mjypqy!19sChIJBzhX9VfJlzMRZil0IdmdQY8?authuser=0&hl=en&g_ep=EgoyMDI2MDkyOC4wIJJjKgBIAVAD&rclk=1","Couture Studio Hair and Nails BGC","4.8","(435)","Beauty salon","·","Bonifacio High Street","Open","· Closes 9 PM","https://lh3.googleusercontent.com/gps-cs-s/AHRPTWkWiIqodizHSzF8uCdYmQA9rgFCQqQmQn8f0gy-vvBG1RbqrAkFhejZ0OPdZnCOngjhy-yT6LT0v5QSHnD2gmwckUmsH3WtVGx5KqEKdlMghbG76-SqD3WBq7T4ng-v0Pui5FkCzFTsvyc=w64-h74-p-k-no","","","",""
"https://www.google.com/maps/place/Purique+Salon+%26+Spa+Inc./data=!4m7!3m6!1s0x3397c9006fc5eef1:0xcf282c4494ef3bdf!8m2!3d14.55086!4d121.048661!16s%2Fg%2F11x1nqjm5g!19sChIJ8e7FbwDJlzMR3zvvlEQsKM8?authuser=0&hl=en&g_ep=EgoyMDI2MDkyOC4wIJJjKgBIAVAD&rclk=1","Purique Salon & Spa Inc.","4.9","(1,093)","Beauty salon","·","7th Avenue","Open","· Closes 8 PM","https://lh3.googleusercontent.com/gps-cs-s/AHRPTWlbW4JyNHw_tGCOeCMIzhKQOxEFOn17rcByDx18zRY_ih8O0rRt4Oo3WU2rXyhL_Epa0zukByPJlQrSpeojrrD8dfbM2O1HJwG0eLmAcO19ySUzGG44482x0KJL9NJphE9e4n7LrV5vnyeD=w64-h74-p-k-no","","","",""
"https://www.google.com/maps/place/Glazed+Beauty+Lounge+-+BF+Homes/data=!4m7!3m6!1s0x3397cfd8a7d38937:0xcd812bb98dcfbb61!8m2!3d14.448565!4d121.0285941!16s%2Fg%2F11yml29l0h!19sChIJN4nTp9jPlzMRYbvPjbkrgc0?authuser=0&hl=en&g_ep=EgoyMDI2MDkyOC4wIJJjKgBIAVAD&rclk=1","Glazed Beauty Lounge - BF Homes","5.0","(11)","Beauty salon","·","2/F Unit 1, L5 B39, LG Centre, BF Homes, J. Elizalde","Open","· Closes 7 PM","https://lh3.googleusercontent.com/grass-cs/ACvplmNzs1rFDBLbL6pkgSBp4Cu1WFoz4-mPKy98TXPVw71oPro0hqpf9ISLvprTtcIayxIr2f1HM4tXR5ojUIlJQyXETBNzM27ayJ0g0BUChmJk3sLhohsqc0c67gN3ju_vRv85EpcAL7GC-SP1=w80-h106-k-no","https://ssl.gstatic.com/local/servicebusiness/default_user.png","""Love how they combine affordable treatments with quality service talaga.""","",""
"https://www.google.com/maps/place/Glazed+Beauty+Lounge+-+Bicutan+Paranaque/data=!4m7!3m6!1s0x3397cfdc2fee52b1:0x6cb9f0868d01e8c2!8m2!3d14.4825935!4d121.0358885!16s%2Fg%2F11mf82bf8q!19sChIJsVLuL9zPlzMRwugBjYbwuWw?authuser=0&hl=en&g_ep=EgoyMDI2MDkyOC4wIJJjKgBIAVAD&rclk=1","Glazed Beauty Lounge - Bicutan Paranaque","4.6","(9)","Beauty salon","·","2/F, Jimar Building, Better Living Subdivision, Doña Soledad Ave","Open","· Closes 8 PM","https://lh3.googleusercontent.com/grass-cs/ACvplmOpNvAz9bKMkINCnqzezYgmU1gaeNmCYUdGwIr83ZNUk_nSmH4NjMq-EDL74Upjwhz9YMyKNYp4X26iAu9vBYqB-cvNuObQCHnXx8OytEe7_R8i9vH9yKkaVGIy9TUSyYBOO2QRO8SNRJkW=w80-h106-k-no","https://ssl.gstatic.com/local/servicebusiness/default_user.png","""My skin felt tighter and more refreshed right after.""","",""
"https://www.google.com/maps/place/Hyejin%27s+Beauty+Salon+Paranaque/data=!4m7!3m6!1s0x3397cfa93672a5bd:0xd7e98a7003bad49e!8m2!3d14.4748616!4d121.0106853!16s%2Fg%2F11xmfpbrrv!19sChIJvaVyNqnPlzMRntS6A3CK6dc?authuser=0&hl=en&g_ep=EgoyMDI2MDkyOC4wIJJjKgBIAVAD&rclk=1","Hyejin's Beauty Salon Paranaque","5.0","(1)","Beauty salon","·","Fortunata Village, 58 Kabesang Segundo","Open","· Closes 7:30 PM","https://lh3.googleusercontent.com/grass-cs/ACvplmPI0AXq0eXCZhSDivo-jHVFLAngdN5jTjpylSVNCM3d7xRWj0K5EgJST_s7eCf7D7vQbbRy8jcBxG_ILpMIzH9sV3t5ZXOFCobmnxQeEVd_z08I8fq9KDsUb5i8QmxpFGkJfjcofB2qo9tX=w122-h92-k-no","","Onsite services","",""
"https://www.google.com/maps/place/Verde+Organic+Salon+and+Spa/data=!4m7!3m6!1s0x3397cefc0e99dc29:0x24a57a80da2f5dd7!8m2!3d14.4858742!4d121.0279207!16s%2Fg%2F11cs78hn94!19sChIJKdyZDvzOlzMR110v2oB6pSQ?authuser=0&hl=en&g_ep=EgoyMDI2MDkyOC4wIJJjKgBIAVAD&rclk=1","Verde Organic Salon and Spa","4.7","(14)","Beauty salon","·","brgy, 178 Doña Soledad Ave","Open","· Closes 9 PM","https://lh3.googleusercontent.com/grass-cs/ACvplmMR1yY7Lk3Yo0sr8_kHYUzKEfhql9273DLCUowF9DvQgXsR0kwBoKu9_Xh1FpM2WiIpQUdCQl9aAB_7A7Z_j2gCggs3Rf9vIYjdnGQMAnqNCt6WEa7FLDnAx3rgJSa35f4XxF9J=w122-h92-k-no","https://ssl.gstatic.com/local/servicebusiness/default_user.png","""I got exactly the color I wanted for my","hair","."""
"https://www.google.com/maps/place/Posh+Haven+Beauty+Studio/data=!4m7!3m6!1s0x3397cb3ad5c81b99:0x4b7e8bb13172bade!8m2!3d14.4919651!4d121.0082835!16s%2Fg%2F11xmr0c04l!19sChIJmRvI1TrLlzMR3rpyMbGLfks?authuser=0&hl=en&g_ep=EgoyMDI2MDkyOC4wIJJjKgBIAVAD&rclk=1","Posh Haven Beauty Studio","4.7","(12)","Nail salon","·","Unit 10, Ledesma Building, Jordan","Open","· Closes 9 PM","https://lh3.googleusercontent.com/grass-cs/ACvplmOBygyk0tnVCyyyzcxQrSDMP5Y-KyiWKXVIVU5PF30ebMvEwexOpb9dH5FZugB3c6w3k0t5aquknpPufGXCYBgs_dIdCPSWWUA7uLdkAaxbwbwfQLbgiRzY3MWtevI61EfbLCOyOwYVyDg=w80-h106-k-no","https://ssl.gstatic.com/local/servicebusiness/default_user.png","""I left feeling pampered and absolutely loved my nails.""","",""
"https://www.google.com/maps/place/The+Blanche+Beauty+Lounge/data=!4m7!3m6!1s0x3397cfbd66ac48b5:0x5b6b16857e4276c4!8m2!3d14.4935327!4d121.0033191!16s%2Fg%2F11lkt93_hs!19sChIJtUisZr3PlzMRxHZCfoUWa1s?authuser=0&hl=en&g_ep=EgoyMDI2MDkyOC4wIJJjKgBIAVAD&rclk=1","The Blanche Beauty Lounge","4.5","(15)","Nail salon","·","2F, Aguirre Building, Multinational Ave","Open","· Closes 9 PM","https://lh3.googleusercontent.com/grass-cs/ACvplmNlbrzVzizUgRvUVAJ_RRVwj_hQFNI2B6fnSR9L0HQpPAsh_-kduxcUyRVPLcqRKPwntks9U1MHRsM-2bDOZY6RtCxevwgrnYpwh2xUfT5H0hiowmuP7mb1_41jq5z2Q99qN56w=w122-h92-k-no","https://ssl.gstatic.com/local/servicebusiness/default_user.png","""Therapist Nats is the best and accommodating.""","",""
"https://www.google.com/maps/place/C.B.L+Salon+%26+Spa/data=!4m7!3m6!1s0x3397cf0069056765:0xdf4c46852fce89d1!8m2!3d14.4804134!4d120.9969041!16s%2Fg%2F11vk64tb7z!19sChIJZWcFaQDPlzMR0YnOL4VGTN8?authuser=0&hl=en&g_ep=EgoyMDI2MDkyOC4wIJJjKgBIAVAD&rclk=1","C.B.L Salon & Spa","4.8","(19)","Hair salon","·","8120 Unit B Dr. Arcadio St","Open","· Closes 10 PM","https://lh3.googleusercontent.com/grass-cs/ACvplmNvIqCXojpS4LCDhIAOf14q2gvko2VwBV2-d6PCjMHm6-kAYgwY2DaY02r4UWPNgSqiq_7X9K9LAtirshm7dbJ399mEeQUlqaDqWwWmAb9myaoYWH02bR18K6XG5YtUP0wCIlI_=w122-h92-k-no","https://ssl.gstatic.com/local/servicebusiness/default_user.png","""The","salon","was clean and everyone was friendly."""
"https://www.google.com/maps/place/Beyond+Premium+Lounge/data=!4m7!3m6!1s0x3397cfe279d057d7:0x7be3a056b31dfeea!8m2!3d14.4848268!4d121.0264736!16s%2Fg%2F11h_t67g4p!19sChIJ11fQeeLPlzMR6v4ds1ag43s?authuser=0&hl=en&g_ep=EgoyMDI2MDkyOC4wIJJjKgBIAVAD&rclk=1","Beyond Premium Lounge","4.5","(15)","Beauty salon","·","2F RGC Bldg, Russia St. Better Living Subdivision","Open","· Closes 8 PM","https://lh3.googleusercontent.com/grass-cs/ACvplmNC0XzQsv9akQUglct1D2w_1Vm1OAtxR2iL0KjhcOW-7sTqReDawoozuT0V0MrxuRtgltjXAZ6wsfCggzM3RFUHScSLwzOsiEd3yavFLPqjwEZdHQePWRk0ubfD2vejbx1fmXQLwQ=w140-h92-k-no","","Onsite services","",""
"https://www.google.com/maps/place/NS+Beauty+%26+Wellness+Hub/data=!4m7!3m6!1s0x3397cf41dbdccb8d:0xfe86cbc53ae0f40c!8m2!3d14.4590473!4d121.0075646!16s%2Fg%2F11lcfm914n!19sChIJjcvc20HPlzMRDPTgOsXLhv4?authuser=0&hl=en&g_ep=EgoyMDI2MDkyOC4wIJJjKgBIAVAD&rclk=1","NS Beauty & Wellness Hub","5.0","(12)","Beauty salon","·","·","Open","· Closes 11 PM","https://lh3.googleusercontent.com/grass-cs/ACvplmOLqtjBZWKv5P2Mi-Ra0g8D-OFZIGthwf5ePPKEAKyFtiF4XS0IscWa6mLhWXOeRZ7NaH5xDivFW-7ADi9NFfIreOBIO5qzia-Ai5nRQhdj2Vp2VVTyBgZPT6CXvoni_jgfwdw4QbjAIK4y=w92-h92-k-no","https://ssl.gstatic.com/local/servicebusiness/default_user.png","""From","hair",", Wellness, aesthetic  and coffee."""
"https://www.google.com/maps/place/Beauty+%26+the+Best+Salon/data=!4m7!3m6!1s0x3397cfa3b385d13d:0xefd1708c59450e48!8m2!3d14.4793482!4d120.9980607!16s%2Fg%2F11j8snwlxd!19sChIJPdGFs6PPlzMRSA5FWYxw0e8?authuser=0&hl=en&g_ep=EgoyMDI2MDkyOC4wIJJjKgBIAVAD&rclk=1","Beauty & the Best Salon","5.0","(4)","Beauty salon","·","Olivarez College, 311 Dr Arcadio Santos Ave","Open","· Closes 9 PM","https://lh3.googleusercontent.com/grass-cs/ACvplmNFPdtF6bg6fY1Qx2v8JYAp-fWxNauy54zhAbPK3PuQYX1gEdP7JjPaAvSUgXaQJWQyG7ZET2Xgo21vLImsbG-nTzlm7hpbHA3jqfYJndA66sEmRJCdrTthPL_k0hobrueRDhp8=w80-h106-k-no","","","",""
"https://www.google.com/maps/place/Blush+and+Brew/data=!4m7!3m6!1s0x3397cf8d75644745:0xdabd5a73173aa796!8m2!3d14.4873115!4d121.0266181!16s%2Fg%2F11l2_02mbn!19sChIJRUdkdY3PlzMRlqc6F3Navdo?authuser=0&hl=en&g_ep=EgoyMDI2MDkyOC4wIJJjKgBIAVAD&rclk=1","Blush and Brew","4.8","(42)","Nail salon","·","·","Open","· Closes 10 PM","https://lh3.googleusercontent.com/grass-cs/ACvplmMjjTtohFdz453W28-kavQhFXo-G5s7Q5V29orxl5xNm0tiZwWkiTtS7zvedckYQW8uwFQnQq7ZbwhXvPP7xgnTHK_1_Nwgbdp-QUkhCN2B2In2bhzJlsIn0HeXnQzMuIOd1bG8yN7El7M=w138-h92-k-no","https://ssl.gstatic.com/local/servicebusiness/default_user.png","""I especially enjoyed their foot spa and massage – so relaxing!""","",""
"https://www.google.com/maps/place/Mist+Beauty+Lounge+-+Para%C3%B1aque/data=!4m7!3m6!1s0x3397cfb978f31641:0x4681b1b8e3c7e864!8m2!3d14.4667702!4d121.0150634!16s%2Fg%2F11v3ppvwvt!19sChIJQRbzeLnPlzMRZOjH47ixgUY?authuser=0&hl=en&g_ep=EgoyMDI2MDkyOC4wIJJjKgBIAVAD&rclk=1","Mist Beauty Lounge - Parañaque","4.3","(10)","Beauty salon","·","2nd floor Fortunata Building Dr. A. Santos Avenue, Corner Vitalez","Open","· Closes 9 PM","https://lh3.googleusercontent.com/grass-cs/ACvplmOmmzkj3twTWcXy-H-CiAjKwvTKgXDtB501tbe1cnCCatLWfrf6kUaiEGmaIil1htqvlzec6kGppwNtkcXtBSHRu2ySd6J7VbQIuRzgEhaGJOFBIqbbB3nFqcDPGZETV8u8S7TT=w92-h92-k-no","https://ssl.gstatic.com/local/servicebusiness/default_user.png","""The most comfortable lash extension I had so far.""","",""
"https://www.google.com/maps/place/YX+Beauty+Corner/data=!4m7!3m6!1s0x3397cf1fc9522507:0x83d12f17d5e0f0a3!8m2!3d14.5036944!4d120.9949826!16s%2Fg%2F11xtxxrgqt!19sChIJByVSyR_PlzMRo_Dg1Rcv0YM?authuser=0&hl=en&g_ep=EgoyMDI2MDkyOC4wIJJjKgBIAVAD&rclk=1","YX Beauty Corner","4.9","(12)","Nail salon","·","Ibayo Town Center, M. Rodriguez","Open","· Closes 8 PM","https://lh3.googleusercontent.com/grass-cs/ACvplmM_JZXBT4fGIlw4MWiZgKuqPALFOw_VLvvA06nxRKbj2IGFdk6G5tVxBwiMYqATOkQKAVu-scwVG0pZz-6MW2_2jDcYSsJEkWun_sEWQ4xEjO_SqqcYyqz59ZlBiAdj8uwv8dvEOwrR1T4=w80-h106-k-no","https://ssl.gstatic.com/local/servicebusiness/default_user.png","""Great","nail","designs and color matches!"""
"https://www.google.com/maps/place/Pink+%26+Purple+Hair+and+Nail+Salon/data=!4m7!3m6!1s0x3397cf0022c93c8f:0x4bbb05e8e699f0ae!8m2!3d14.489756!4d121.0184802!16s%2Fg%2F11yc3q91w6!19sChIJjzzJIgDPlzMRrvCZ5ugFu0s?authuser=0&hl=en&g_ep=EgoyMDI2MDkyOC4wIJJjKgBIAVAD&rclk=1","Pink & Purple Hair and Nail Salon","5.0","(3)","Beauty salon","·","1F, Benrosi Plaza Condominium, Doña Soledad Ave","Open","· Closes 8 PM","https://lh3.googleusercontent.com/grass-cs/ACvplmNwJJfC0A9EQ-KJN1LpmAPoIgfsJgTfJR8XC1_slPSNPGz7SLox1GDjRAu1Pt3Or573VgWDOYFMLnif46oaJiafKq4UbzWkTK44w0si6n9CfqKbRKzxXvg_WhMNrCp_RMyHcRRr9MZ3DG5r=w80-h106-k-no","https://ssl.gstatic.com/local/servicebusiness/default_user.png","""Book your appointment now.""","",""
"https://www.google.com/maps/place/Chingu+Nail+%26+Lashes/data=!4m7!3m6!1s0x3397cff320285e8b:0xe452baf274d5dfd7!8m2!3d14.4750915!4d121.000047!16s%2Fg%2F11z67l1g_c!19sChIJi14oIPPPlzMR19_VdPK6UuQ?authuser=0&hl=en&g_ep=EgoyMDI2MDkyOC4wIJJjKgBIAVAD&rclk=1","Chingu Nail & Lashes","5.0","(11)","Nail salon","·","Back of Lianas Supermarket, Nescom Building, Evacom","Open","· Closes 8 PM","https://lh3.googleusercontent.com/grass-cs/ACvplmPwCr_Zy5P_Um6JtQp8xn2Gl8jYKxZL1z6nryBX1qTx34DIR9xVQZDbuVOrctQ2qR2WSOV0E_5dXYOzkC_aArn7i5sUW4R8G637QlRP8pvoMDNCtbhnLGI0MARQ9Ds42z9HQQlAth8fOFNY=w80-h106-k-no","https://ssl.gstatic.com/local/servicebusiness/default_user.png","""💖 Clean","salo","n, friendly staff, and the gel lasted 3 weeks with zero chips."""
"https://www.google.com/maps/place/Zia+Salon+Premier+-+SM+City+BF+Para%C3%B1aque/data=!4m7!3m6!1s0x3397cfeb73490015:0x33bc46637abec899!8m2!3d14.4570964!4d121.0330638!16s%2Fg%2F11y30_4fwc!19sChIJFQBJc-vPlzMRmci-emNGvDM?authuser=0&hl=en&g_ep=EgoyMDI2MDkyOC4wIJJjKgBIAVAD&rclk=1","Zia Salon Premier - SM City BF Parañaque","4.5","(43)","Hair salon","·","3rd Floor, Wellness Center, SM City","","","https://lh3.googleusercontent.com/grass-cs/ACvplmOi4cvbU6HDwiGy9DZYwWHFZEaZWQPLOZzCCo_M4kjHUbivJT3ObI1rrTeKNq648sggofBqM--zkEvjSFm3py6OHh_WnSbC4nhoebirvMjKnhu0aRJrscLFTXL1bGNPslLYptJTrNAReGxS=w80-h106-k-no","https://ssl.gstatic.com/local/servicebusiness/default_user.png","""The","hair","stylist was able to achieve the"
"https://www.google.com/maps/place/Shine+Beauty+Salon/data=!4m7!3m6!1s0x4f269fbe0f2d7ab:0xbb8ba70930c4f25!8m2!3d14.4837316!4d121.0379389!16s%2Fg%2F11x_jyn351!19sChIJq9fy4Ptp8gQRJU8Mk3C6uAs?authuser=0&hl=en&g_ep=EgoyMDI2MDkyOC4wIJJjKgBIAVAD&rclk=1","Shine Beauty Salon","5.0","(1)","Beauty salon","·","Doña Soledad Ave","Open","· Closes 6:30 PM","https://lh3.googleusercontent.com/grass-cs/ACvplmMb-Gj-_KBYmgN7ownVjjYhr6-dtA0TgQyBcTDedoyHNVMbOdjogPhAdR2cgGa0tnsEyiw40zQgx-27Afgh1-qqhmVDOJG1kP9O8XzAsW6YRVysHq4E2Io9fst8C4fa8THijLJ_kibcCaw4=w80-h106-k-no","","","",""
"https://www.google.com/maps/place/BELLA+ROSE+BEAUTY+LOUNGE/data=!4m7!3m6!1s0x3397cf6d08765407:0x3647389b2c692d26!8m2!3d14.4954127!4d120.9892644!16s%2Fg%2F11s892h69x!19sChIJB1R2CG3PlzMRJi1pLJs4RzY?authuser=0&hl=en&g_ep=EgoyMDI2MDkyOC4wIJJjKgBIAVAD&rclk=1","BELLA ROSE BEAUTY LOUNGE","4.4","(7)","Beauty salon","·","0587 Quirino Ave","Open","· Closes 7 PM","https://lh3.googleusercontent.com/grass-cs/ACvplmMoQOvbpwYjKvzjaZRWNayvgV9P9Pkoyf3X23MlfnpcZBAbuT1IqsV23CqiGpuUMXSTis8KvfC-Te9fgDbAHl-KuYOPT12BV_E7beEeRRg3278Ed0v3onN-HUrv3sYAhjFCka4A=w80-h106-k-no","https://ssl.gstatic.com/local/servicebusiness/default_user.png","""The products used are trusted and for professionals talaga.""","",""
"https://www.google.com/maps/place/Glosslab+Studio+-+SM+Bicutan+Branch/data=!4m7!3m6!1s0x3397cf0bc838af7f:0x92171fe8f2bdbdf3!8m2!3d14.4909963!4d121.016949!16s%2Fg%2F11zh9tzk55!19sChIJf684yAvPlzMR87298ugfF5I?authuser=0&hl=en&g_ep=EgoyMDI2MDkyOC4wIJJjKgBIAVAD&rclk=1","Glosslab Studio - SM Bicutan Branch","4.9","(30)","Nail salon","·","Doña Soledad Ave","","","https://lh3.googleusercontent.com/grass-cs/ACvplmNnHf1QREo8kQt-Rj4GyDMVDaQHqz6FE5VbqY8wB9ScCDztdQdzkDzcfQqIcqQ-CFGE6hva2Jg4xUkcV_35UMgcfdcVw-mt7t1hD9mUMXl2xoaGfw_hVXv3WqrcASnsV7hj-kwfnf65hDA=w122-h92-k-no","https://ssl.gstatic.com/local/servicebusiness/default_user.png","""Sheena, my","nail","tech, joyfully worked on my nails but was very meticulous."""
"https://www.google.com/maps/place/XHair+Salon/data=!4m7!3m6!1s0x3397cff85798f051:0xbb632e23bab24462!8m2!3d14.4921204!4d121.008303!16s%2Fg%2F11yz161g34!19sChIJUfCYV_jPlzMRYkSyuiMuY7s?authuser=0&hl=en&g_ep=EgoyMDI2MDkyOC4wIJJjKgBIAVAD&rclk=1","XHair Salon","5.0","(11)","Hair salon","·","Jordan","Open","· Closes 7 PM","https://lh3.googleusercontent.com/grass-cs/ACvplmOdl3N41BW8LZ0ARvnUevFIPHwtqflm57-uaXb7jWas9bh0pLjmbh0k3oppxqQgyZcXM31lyzxhPlZ2nxrOfagYT1RCPGlI5p5KJK4VXS1h9-ejwoaM8-p7baGNw_1lt3de3jcyeFYwpHoq=w122-h92-k-no","https://ssl.gstatic.com/local/servicebusiness/default_user.png","""Great owner best","hair cut",""""
"https://www.google.com/maps/place/Serra+Nails+Lounge/data=!4m7!3m6!1s0x3397cf0018184ee7:0xce1d338ec2bcf089!8m2!3d14.4689141!4d121.0213955!16s%2Fg%2F11yrkyhgm9!19sChIJ504YGADPlzMRifC8wo4zHc4?authuser=0&hl=en&g_ep=EgoyMDI2MDkyOC4wIJJjKgBIAVAD&rclk=1","Serra Nails Lounge","4.9","(30)","Nail salon","·","Fuel Express, Valley 1, San Antonio Ave","Open","· Closes 11 PM","https://lh3.googleusercontent.com/grass-cs/ACvplmN26ZUnahRlm6L4epJ8560510e5cg85uMcl4fy8CNNeMsGClaEHrzaDl8FQPGIM_ENLC6Br6nltMakPsSGCbGajXbCKz2oJpF9NFv8MddjWfO3X_9EaZm0isM5ecrTL1T_h1izVkWAjrSEb=w80-h102-k-no","https://ssl.gstatic.com/local/servicebusiness/default_user.png","""Very well-polished nails and gentle service.""","",""
"https://www.google.com/maps/place/Blush%26Blossom+Para%C3%B1aque+City/data=!4m7!3m6!1s0x3397cfc4306d6d7d:0xa3e9777446dc9aee!8m2!3d14.4840661!4d121.0257946!16s%2Fg%2F11s8qx5x9t!19sChIJfW1tMMTPlzMR7prcRnR36aM?authuser=0&hl=en&g_ep=EgoyMDI2MDkyOC4wIJJjKgBIAVAD&rclk=1","Blush&Blossom Parañaque City","5.0","(38)","Beauty salon","·","20 Saudi Arabia","Open now","","https://lh3.googleusercontent.com/grass-cs/ACvplmOus4cP5Yg_TiMjCjQR--6h5xmliqAzXQdtMch_2VTh_JwykOP_aWL9siQcEVWbGlg-cHxTh0S84RIl922VHqFFdB97Mh4ZkyinJFzO1CxwMtr6EiMXHxCrPF24c5P3Z7fIlbOpEtUrapM=w92-h92-k-no","https://ssl.gstatic.com/local/servicebusiness/default_user.png","""I tried their last lift with tint and the results are great.""","",""
"https://www.google.com/maps/place/Yimei+Jenny+Spa/data=!4m7!3m6!1s0x3397c92244f82041:0x40b0ec87e6ab4dd!8m2!3d14.5293689!4d120.9877834!16s%2Fg%2F11w7h8xq3d!19sChIJQSD4RCLJlzMR3bRqfsgOCwQ?authuser=0&hl=en&g_ep=EgoyMDI2MDkyOC4wIJJjKgBIAVAD&rclk=1","Yimei Jenny Spa","4.3","(22)","Health and beauty shop","·","G21, Yimei Jenny Spa, Solemare Parksuites, Tower B, R. Valera Drive","Open","· Closes 1 AM","https://lh3.googleusercontent.com/grass-cs/ACvplmPNfQkyrhm-xP_fC802Y4NUQMTUM_3E7V3KrRtq_bruy8Fs2SLSZEbpEF1HWhCCXoe_hIt0HQ7FfYvto4pqVhIblBFTI-o1motCr_1AgsSChrlNmQUUQhUskHzbblaXDIcVs2iW4_rtQfJl=w80-h140-k-no","https://ssl.gstatic.com/local/servicebusiness/default_user.png","""Jenny","Hair Salon","offers a great overall experience."""
"https://www.google.com/maps/place/So+Glam!+Beauty+Studio/data=!4m7!3m6!1s0x3397cfd241898795:0x5c01d710a1504a1c!8m2!3d14.4895666!4d121.0187664!16s%2Fg%2F11y247wx02!19sChIJlYeJQdLPlzMRHEpQoRDXAVw?authuser=0&hl=en&g_ep=EgoyMDI2MDkyOC4wIJJjKgBIAVAD&rclk=1","So Glam! Beauty Studio","5.0","(3)","Beauty salon","·","EGC building, Doña Soledad Ave","Open","· Closes 9 PM","https://lh3.googleusercontent.com/grass-cs/ACvplmODMwwdaJgYxwG7dJ4VgX1xkb3X1DkzrJUvon3JyJurHuKHlzsH4RUQ4ueWwDmx3zYzja7ziE1HG390qo00IPFceL8m8wyKrjjUYpUkZKeVPxhnWDOILcyp5kAdA7qzm-Q6TL0=w123-h92-k-no","https://ssl.gstatic.com/local/servicebusiness/default_user.png","""So Glam offers top notch services at an affordable price.""","",""
"https://www.google.com/maps/place/Adarna+Grande+Hair+and+Nail+Studio+-+Paranaque+Branch/data=!4m7!3m6!1s0x3397cf00134d5a17:0x2e5f9c307b450bd5!8m2!3d14.4682853!4d121.0117124!16s%2Fg%2F11w9y7b586!19sChIJF1pNEwDPlzMR1QtFezCcXy4?authuser=0&hl=en&g_ep=EgoyMDI2MDkyOC4wIJJjKgBIAVAD&rclk=1","Adarna Grande Hair and Nail Studio - Paranaque Branch","5.0","(4)","Beauty salon","·","Door 1-annex, trdc bldg, N. Lopez Ave","Open","· Closes 8 PM","https://lh3.googleusercontent.com/grass-cs/ACvplmM4RH6LVzjiY_ms6MwxElxQ7B0r9zEhO7PkTvl_ShlNfaYHnDsQHvFgfnaH0FpoWEvesHUrhc2gCFSYKFZpdIxBfUY08dJ7Sua1bmY9whlhuOdJbBVgaF9D0EV8uRlBg-75Ai1FtA=w80-h106-k-no","https://ssl.gstatic.com/local/servicebusiness/default_user.png","""Great staff very clean","salon",""""
"https://www.google.com/maps/place/Lay+Bare+Waxing+Salon-Better+Living+Bicutan/data=!4m7!3m6!1s0x3397cefe77f844d1:0xb62189c2c80342fa!8m2!3d14.482556!4d121.035869!16s%2Fg%2F1tf7318z!19sChIJ0UT4d_7OlzMR-kIDyMKJIbY?authuser=0&hl=en&g_ep=EgoyMDI2MDkyOC4wIJJjKgBIAVAD&rclk=1","Lay Bare Waxing Salon-Better Living Bicutan","4.9","(218)","Waxing hair removal service","·","Unit 10 2nd Floor JDP Bldg. Better Living, 76 Doña Soledad Ave","Open","· Closes 9 PM","https://lh3.googleusercontent.com/grass-cs/ACvplmNMG2d5XnpCIpyPOgNlOZLLv9vkkvvQ4X4iUJlctio005vFRo7cdIWwA_dr59yM-1KxOKcV7xyg3Mbc61K24_6RKJVysxNT-s2denTBRHj3e08q_4l8l8tL5YCeuJjxjCWAgX4DHQ=w138-h92-k-no","https://ssl.gstatic.com/local/servicebusiness/default_user.png","""Experienced a great service for my eyebrow threading here!""","",""
"https://www.google.com/maps/place/Michiko+Salon+Metro+South/data=!4m7!3m6!1s0x3397cf63e30ba2c3:0x4da6f5f698a9f032!8m2!3d14.4923032!4d121.0145797!16s%2Fg%2F11l4fkrlrs!19sChIJw6IL42PPlzMRMvCpmPb1pk0?authuser=0&hl=en&g_ep=EgoyMDI2MDkyOC4wIJJjKgBIAVAD&rclk=1","Michiko Salon Metro South","4.2","(20)","Beauty salon","·","15303, 1709 E Rodriguez Ave","Open","· Closes 7 PM","https://lh3.googleusercontent.com/grass-cs/ACvplmOLM4pcxoj-BOmHjQBmrm0ci815CxdbEVeqs8AMh3E9JXyci6wboVv_igY0_DeM1ODG9KeyZZCUBTBdoqFfJpBG6CAz_L_x6gbnFEP86AjCxPd3GNFVdCa_P-ilsOTQdujRtuKC=w122-h92-k-no","https://ssl.gstatic.com/local/servicebusiness/default_user.png","""The balayage came out perfectly and the staff was so accommodating.""","",""
"https://www.google.com/maps/place/Hello+Gorgeous+Hair+and+Nail+Salon+by+Anne+Reyes/data=!4m7!3m6!1s0x3397cf26a360507b:0x6e141c57190392bd!8m2!3d14.4844459!4d121.0308147!16s%2Fg%2F11vqh27z_d!19sChIJe1BgoybPlzMRvZIDGVccFG4?authuser=0&hl=en&g_ep=EgoyMDI2MDkyOC4wIJJjKgBIAVAD&rclk=1","Hello Gorgeous Hair and Nail Salon by Anne Reyes","5.0","(3)","Beauty salon","·","Unit 25, San Isidro Building, Better Living Subdivision, Doña Soledad Ave","Open","· Closes 8 PM","https://lh3.googleusercontent.com/grass-cs/ACvplmMHhdD42sZ1KsgVd-PMeeYaiFRmM5J9Y6JdIkhPLd2IXtD6wEatL0kIo6M4d_k8MHzW2hjZhnHT2ntA_kEqMLfJffza_TMQ6VEH2565Q2aeZI-EJ1AFffMEOMVjcV5Pv2uFbE2T=w163-h92-k-no","","","",""
"https://www.google.com/maps/place/The+Maven+Hair+Studio+Ayala+Malls+Manila+Bay/data=!4m7!3m6!1s0x3397cfbbd131a921:0xdb88195033e678b1!8m2!3d14.5240424!4d120.9892734!16s%2Fg%2F11ymnclmf8!19sChIJIakx0bvPlzMRsXjmM1AZiNs?authuser=0&hl=en&g_ep=EgoyMDI2MDkyOC4wIJJjKgBIAVAD&rclk=1","The Maven Hair Studio Ayala Malls Manila Bay","4.3","(52)","Hair salon","·","3rd Floor Building A Ayala Malls Manila Bay Diosdado Macapagal Blvd, cor Asean Ave","Open","· Closes 9 PM","https://lh3.googleusercontent.com/grass-cs/ACvplmOp3x7wkzZb4tcxKywWWjAClhh61ci8wXx54IDazIH-9ziZWeicEmL3huEj6JTyHADiacQO5UGJ63N5CUOjsTJMwjCTMyI1VgT-kE4fYsxBU4Jciso2FGhHgYCtN3qtRHBfAcDHVOXbLfK-=w80-h106-k-no","https://ssl.gstatic.com/local/servicebusiness/default_user.png","""The","salon","is clean, relaxing, and has a great atmosphere."""
"https://www.google.com/maps/place/Lemon+Nail+Salon+and+Spa/data=!4m7!3m6!1s0x3397cefc10ef4f39:0x6f70af270dc26a3d!8m2!3d14.4855958!4d121.0287047!16s%2Fg%2F11b6znznvz!19sChIJOU_vEPzOlzMRPWrCDSevcG8?authuser=0&hl=en&g_ep=EgoyMDI2MDkyOC4wIJJjKgBIAVAD&rclk=1","Lemon Nail Salon and Spa","4.1","(76)","Nail salon","·","161 Regina Building, Doña Soledad Avenue, Don Bosco, Better Living","Open","· Closes 8 PM","https://lh3.googleusercontent.com/grass-cs/ACvplmMe_82IgHYJG0CUE23h8z3LgwYV-RkydbwrPtyStE2varqlpxPlGI_I-iI7UyUSibP-4nLEc1V53wekxwKRfGu8rUS04JYbVpy9NAnyqGdPZewzuxwRU94d8HYIoPtFikf1WJ-o=w80-h142-k-no","https://ssl.gstatic.com/local/servicebusiness/default_user.png","""good services and relaxing.""","",""
"https://www.google.com/maps/place/NIMA+HAIR+by+Japanese+%E3%83%9E%E3%83%8B%E3%83%A9+%E3%83%98%E3%82%A2%E3%82%B5%E3%83%AD%E3%83%B3/data=!4m7!3m6!1s0x3397cf59ff00ffaf:0x6dda12395533e886!8m2!3d14.464119!4d121.009197!16s%2Fg%2F11lnms_t0l!19sChIJr_8A_1nPlzMRhugzVTkS2m0?authuser=0&hl=en&g_ep=EgoyMDI2MDkyOC4wIJJjKgBIAVAD&rclk=1","NIMA HAIR by Japanese マニラ ヘアサロン","5.0","(58)","Hairdresser","·","Unit 2, JSA Building, BF Homes, 418 El Grande Ave","Open","· Closes 8 PM","https://lh3.googleusercontent.com/grass-cs/ACvplmO8O_WTzn0CIoHZFLvvO7BJmQepsmciYL6yp_3Q2x7chMu_h-_6NS-YEYV7ZJrpq6nRZMJ3NhIY1MzgyujLLOQiGNYvsBP9uamQuS7u1x64-RfoxCJPdcbwAVENsgdjQSntFU3X=w80-h106-k-no","https://ssl.gstatic.com/local/servicebusiness/default_user.png","""The","salon","was clean, well maintained, and had a relaxing atmosphere."""
"https://www.google.com/maps/place/Hub+Salon+and+Spa/data=!4m7!3m6!1s0x3397cf48ee17c373:0xd4d2501994b0873!8m2!3d14.4890696!4d121.0198102!16s%2Fg%2F11hjdbjnzj!19sChIJc8MX7kjPlzMRcwhLmQElTQ0?authuser=0&hl=en&g_ep=EgoyMDI2MDkyOC4wIJJjKgBIAVAD&rclk=1","Hub Salon and Spa","5.0","(2)","Beauty salon","·","262, 1711 Doña Soledad Ave","Open","· Closes 7 PM","https://streetviewpixels-pa.googleapis.com/v1/thumbnail?panoid=HJbLZ4QcquXi290WQ2wyNA&cb_client=search.gws-prod.grass&w=80&h=92&yaw=181.78989&pitch=0&thumbfov=100","","","",""
"https://www.google.com/maps/place/Le+Posh/data=!4m7!3m6!1s0x3397cf5d7a73accf:0xfdb57b2ea659a44a!8m2!3d14.4468286!4d121.0204043!16s%2Fg%2F11nh3s3y57!19sChIJz6xzel3PlzMRSqRZpi57tf0?authuser=0&hl=en&g_ep=EgoyMDI2MDkyOC4wIJJjKgBIAVAD&rclk=1","Le Posh","4.4","(8)","Beauty salon","·","104 Aguirre Ave","Open","· Closes 8 PM","https://lh3.googleusercontent.com/grass-cs/ACvplmOYADXhH9BP7NsrwuhbN92ifOjxocjbXpY4UUulsKczmOVL2CJGij3urk0e8I5jsSlr-fPwMYb4pZV4Ye6ydm2uCltNU_23jI94PT0RhYG6zk8GCPSk72EVtui0VVqSTfGGj-aFcQ=w163-h92-k-no","https://ssl.gstatic.com/local/servicebusiness/default_user.png","""Was not expecting much but their service for gel mani pedi was excellent.""","",""
"https://www.google.com/maps/place/Hi+Madam+Hair+and+Nail+Salon/data=!4m7!3m6!1s0x3397cf702edadfbd:0x4256bb348b386434!8m2!3d14.4680726!4d121.0206793!16s%2Fg%2F11rhy9dyhy!19sChIJvd_aLnDPlzMRNGQ4izS7VkI?authuser=0&hl=en&g_ep=EgoyMDI2MDkyOC4wIJJjKgBIAVAD&rclk=1","Hi Madam Hair and Nail Salon","4.2","(6)","Beauty salon","·","Valley 1, 5c San Antonio Avenue, Dr Arcadio Santos Ave","Open","· Closes 8 PM","https://lh3.googleusercontent.com/grass-cs/ACvplmNBPhonT6MyXKP4p30HXvKy_8I8wggPVv5tEFLkMxMkM0Jdlmc9AxoLIEIw38QGmbJhtIMnoS6JTrNOCE5LFkNWOBNvkNBY9xoip5VZUn8Tn2qHcB2S3e5rwzHHWHWK5WRsSCRscg=w91-h92-k-no","","","",""
"https://www.google.com/maps/place/Lay+Bare+WalterMart+Bicutan/data=!4m7!3m6!1s0x3397cf2f92182147:0xa81974bd875d8702!8m2!3d14.4814334!4d121.0456035!16s%2Fg%2F11mycl1jb5!19sChIJRyEYki_PlzMRAoddh710Gag?authuser=0&hl=en&g_ep=EgoyMDI2MDkyOC4wIJJjKgBIAVAD&rclk=1","Lay Bare WalterMart Bicutan","5.0","(231)","Waxing hair removal service","·","2nd Floor, Walter Mart Bicutan, Manalac Ave, cor E Service Rd","Open","· Closes 9 PM","https://lh3.googleusercontent.com/grass-cs/ACvplmPdKr7cXwZo-Dso0oK9q00bcyO7E0j9pNFg0ikvJ8XdQVc2V5zhrGtsTTQGI8rpvcDECUXsHCdCYafUkYMJzVxLMJ-YWiaqZa8zcmirghEDjdTTB8XoJbjSJzDCA63pvmSM2443daUEFrBu=w138-h92-k-no","https://ssl.gstatic.com/local/servicebusiness/default_user.png","""Nice staff and good ambiance.. good services""","",""
"https://www.google.com/maps/place/Beautyful+corner+salon+for+men+and+women/data=!4m7!3m6!1s0x3397cf027c3eb785:0xd22fc012253a0aed!8m2!3d14.5012969!4d120.9957179!16s%2Fg%2F11jzly98jn!19sChIJhbc-fALPlzMR7Qo6JRLAL9I?authuser=0&hl=en&g_ep=EgoyMDI2MDkyOC4wIJJjKgBIAVAD&rclk=1","Beautyful corner salon for men and women","5.0","(1)","Beauty salon","·","Wawa, 5249 18th St","Open","· Closes 9 PM","https://lh3.googleusercontent.com/grass-cs/ACvplmOmINcXpPiu_eHVb8tmyMknOstVxOCzMjZg8eu1ICEg6U8dmZnVOFBQg9U23RAMUywSQev6mXg4jnQ2gr1sPoEgyn3csEOtQDWo6uM19IpWgit91g0K64b0c3Jiwy75_Yt85_-FIA=w122-h92-k-no","https://ssl.gstatic.com/local/servicebusiness/default_user.png","""Very nice approach to all clients and affordable prices👍❤️""","",""
"https://www.google.com/maps/place/Bellezze+Hair+and+Nail+Salon/data=!4m7!3m6!1s0x3397cf3a89649413:0x6cf672740667ec50!8m2!3d14.4831064!4d121.0352209!16s%2Fg%2F11xzx6z38v!19sChIJE5RkiTrPlzMRUOxnBnRy9mw?authuser=0&hl=en&g_ep=EgoyMDI2MDkyOC4wIJJjKgBIAVAD&rclk=1","Bellezze Hair and Nail Salon","5.0","(6)","Beauty salon","·","83 Doña Soledad Ave","Open","· Closes 9 PM","https://lh3.googleusercontent.com/grass-cs/ACvplmORd6UDrSNZ2ScQJWpfk-88xf46zLXSpQdLkNLkHVHUmoy3BCl-rEx5O6SGxd3i6kxWliZxG5ZlG2l3wOKp2t0uKkF1-XgMjXF6KVt4st192liYAnbgN3FoKWLjmUrcoo7Gnd9oFg17rQLn=w138-h92-k-no","https://ssl.gstatic.com/local/servicebusiness/default_user.png","""They use high quality organic products that deliver","beautiful","results."""
"https://www.google.com/maps/place/Black+and+Colour+Women+and+Men%27s+Beauty+Salon/data=!4m7!3m6!1s0x3397cfa42812b305:0x15b11b0f75f4a7f3!8m2!3d14.465059!4d121.0196342!16s%2Fg%2F11scpm7w8z!19sChIJBbMSKKTPlzMR86f0dQ8bsRU?authuser=0&hl=en&g_ep=EgoyMDI2MDkyOC4wIJJjKgBIAVAD&rclk=1","Black and Colour Women and Men's Beauty Salon","5.0","(1)","Beauty salon","·","8289 Dr Arcadio Santos Ave","Open","· Closes 8 PM","https://lh3.googleusercontent.com/grass-cs/ACvplmMHfD_kVHLb0-HnBV0vFFULCybRnbUAauNFrpu42GMsnVDvpFOzBhgqBrvazsiftBkrYXD0bdZy2OoI3Mw1HkWH2O7VO1uocnEectsT85kkGHWBlKW1IjFAsDfPTcwneqSF-ql58EG47VU=w80-h106-k-no","","","",""
"https://www.google.com/maps/place/Beauty+hub+hair+and+Nails+Salon/data=!4m7!3m6!1s0x3397cf2acd918bb5:0xdaae11f9c9db5c9c!8m2!3d14.451886!4d121.0411174!16s%2Fg%2F11tw_sx0j2!19sChIJtYuRzSrPlzMRnFzbyfkRrto?authuser=0&hl=en&g_ep=EgoyMDI2MDkyOC4wIJJjKgBIAVAD&rclk=1","Beauty hub hair and Nails Salon","5.0","(1)","Hair salon","·","Aratiles street, Masville Masville, Dr Arcadio Santos Ave","Open 24 hours","","https://lh3.googleusercontent.com/grass-cs/ACvplmOarglURMdKmiY0C2h5tlfAb5ySZ1suAiEA5SaOfvmsjo5HLVIiTNUyZDImdZirTYhramjPdgoP_kVvWnL3U4-glLi5EWu4hrCucPzaWwWv9qtnJLNCsTDPNUIbSVPDJNHDaeIB=w80-h106-k-no","","","",""
"https://www.google.com/maps/place/Express+Hair+Studio/data=!4m7!3m6!1s0x3397ce166c5f3249:0x930b0d0ba1634142!8m2!3d14.4447953!4d121.0266216!16s%2Fg%2F1pzpxbh89!19sChIJSTJfbBbOlzMRQkFjoQsNC5M?authuser=0&hl=en&g_ep=EgoyMDI2MDkyOC4wIJJjKgBIAVAD&rclk=1","Express Hair Studio","4.6","(14)","Beauty salon","·","BF Homes, 31 Aguirre Ave","Open","· Closes 7 PM","https://lh3.googleusercontent.com/grass-cs/ACvplmN6pgVtf-7xx5pYgNnUpEmTdRJe8Ng-efVNk2WmmmnYnQZB5AemEb3xSzS39oCYkzkTrTwAfStw7fgUAHpSDlPsRBJYsus2E-hO2hIEhTAOfgyRwDs64jreAAaHHz7O2u6mQAqzUw=w122-h92-k-no","https://ssl.gstatic.com/local/servicebusiness/default_user.png","""","Haircut","price as of H1 2026 is ₱390"""
"https://www.google.com/maps/place/Wow+Hair+Salon/data=!4m7!3m6!1s0x3397ce1686a1363d:0x2737506da9fe3778!8m2!3d14.4564835!4d121.0073597!16s%2Fg%2F11c3tz6hxm!19sChIJPTahhhbOlzMReDf-qW1QNyc?authuser=0&hl=en&g_ep=EgoyMDI2MDkyOC4wIJJjKgBIAVAD&rclk=1","Wow Hair Salon","3.8","(37)","Hair salon","·","·","Open","· Closes 9 PM","https://lh3.googleusercontent.com/grass-proxy/AIM7gW3VQsfYTVoCXaXL8ddYaDvW0QsKglyEQtvhoCfRcekPm8LNcZS9dAIrc6nczbO1YMzRxcl49RYGRy8AbZWam1KT-Lw7QZTYlIC1q7yTzlFQK7oMhhxwaZfnfr3jVrAkvQc1b3Bt_2XA1sAfzBa3oROXphD6crlRr_FomiKW24Unh_mXYXT25Qjr7MkqtBmo7DCw7tHYNA=w141-h92-k-no","https://ssl.gstatic.com/local/servicebusiness/default_user.png","""Have been our families go to","salon","."""
"https://www.google.com/maps/place/Mally%27s+Hair+and+Beauty+Salon/data=!4m7!3m6!1s0x3397cf2d59531343:0x4a42348305dadf74!8m2!3d14.4824206!4d121.045927!16s%2Fg%2F11wqy4tfp8!19sChIJQxNTWS3PlzMRdN_aBYM0Qko?authuser=0&hl=en&g_ep=EgoyMDI2MDkyOC4wIJJjKgBIAVAD&rclk=1","Mally's Hair and Beauty Salon","5.0","(3)","Hair salon","·","082 Sitio de Asis San Martin de Porres","Open","· Closes 10 PM","https://lh3.googleusercontent.com/grass-cs/ACvplmOaXPrcJGRayW8Idbdpr1b7Y-vgkTtuW3wBHB71YceweW7cmVBkpkFrsJ6Ea5p3s8bdnSpD0yeD1Mkkq_dz4sSzcF_TRiun0E1YwNm9ucxob1JtqUY0UUAkzQbN3F08GbUn_2sfpsUQIz2b=w204-h92-k-no","https://ssl.gstatic.com/local/servicebusiness/default_user.png","""Satisfying and","beautiful",""""
"https://www.google.com/maps/place/La+Julieta+Beauty+Center+-+Para%C3%B1aque/data=!4m7!3m6!1s0x3397cff672d15807:0x8cd70989a057a6d5!8m2!3d14.4513923!4d121.0306625!16s%2Fg%2F11rmyj_p2v!19sChIJB1jRcvbPlzMR1aZXoIkJ14w?authuser=0&hl=en&g_ep=EgoyMDI2MDkyOC4wIJJjKgBIAVAD&rclk=1","La Julieta Beauty Center - Parañaque","5.0","(7)","Beauty salon","·","2F, One Oasis Bldg, Jackielou Ville, President's Ave","Open","· Closes 6 PM","https://lh3.googleusercontent.com/grass-cs/ACvplmMcz-5HZly7F2lfdB9U6Pwb7Ll2oQaN6bhazOBW0GVZ-GCHsBX0bwvlv3s8dceng0YKFRCO76Mf7x7HpF6oYJ38U99lutkOVxddELmbTOdf38lC9wjp8rPM1pefbB0pd_6yBU7QfPyVs91r=w80-h106-k-no","https://ssl.gstatic.com/local/servicebusiness/default_user.png","""I noticed a change on my skin.""","",""
"https://www.google.com/maps/place/HAMIS+BEAUTY+LOUNGE/data=!4m7!3m6!1s0x3397cfb02c515427:0x4d15e9397bdc4cc4!8m2!3d14.4955401!4d121.0360813!16s%2Fg%2F11xh9mvgb1!19sChIJJ1RRLLDPlzMRxEzceznpFU0?authuser=0&hl=en&g_ep=EgoyMDI2MDkyOC4wIJJjKgBIAVAD&rclk=1","HAMIS BEAUTY LOUNGE","5.0","(4)","Beauty salon","·","4008 Toyota Ave","Open","· Closes 8 PM","https://lh3.googleusercontent.com/grass-cs/ACvplmOtLOLvnUowH6WvtUQwcoz2OWozaaZ0wKwQVvdUDW3CeMkf1CivLE-3uOyTAnmnqKKmgLEiyBwsP6ap5zLcbQJmu6ocPTCE6wVsS4Tw61uoWSnnTIXsWRiUmUn4O4VaVtMSSdaWtPdboSVb=w80-h106-k-no","https://ssl.gstatic.com/local/servicebusiness/default_user.png","""The way they clean my nails didnt hurt my nails, they took it carefully.""","",""
"https://www.google.com/maps/place/Savouge+aesthetic+and+medical+clinic/data=!4m7!3m6!1s0x3397cf0f0bf334ff:0xe906e3917805394f!8m2!3d14.4884926!4d121.0222591!16s%2Fg%2F11pvzs47v_!19sChIJ_zTzCw_PlzMRTzkFeJHjBuk?authuser=0&hl=en&g_ep=EgoyMDI2MDkyOC4wIJJjKgBIAVAD&rclk=1","Savouge aesthetic and medical clinic","4.7","(292)","Beauty salon","·","·","Open","· Closes 9 PM","https://lh3.googleusercontent.com/grass-cs/ACvplmM3YA0Xu8bQOMatTbwYLYkJQHPovDO7SMf5g7HU76hXkTtMhOX9bJYGyjyq8pwXjJAN4khC6m3jtdTahHoq3keUxtL_KcqAS87nUMBACPPdvkuymgcl8XDwJ2rA3eva6llZc9PlGw=w80-h106-k-no","https://ssl.gstatic.com/local/servicebusiness/default_user.png","""Jen did a great job in my CO2 facial laser""","",""
"https://www.google.com/maps/place/El+Mango+Salon+%26+Spa/data=!4m7!3m6!1s0x3397ceaf7f66d357:0xbf50fa67812a4b79!8m2!3d14.5122999!4d120.9956128!16s%2Fg%2F11bwdm3qz_!19sChIJV9Nmf6_OlzMReUsqgWf6UL8?authuser=0&hl=en&g_ep=EgoyMDI2MDkyOC4wIJJjKgBIAVAD&rclk=1","El Mango Salon & Spa","4.5","(26)","Massage spa","·","257 Quirino Ave","Open","· Closes 3 AM","https://lh3.googleusercontent.com/grass-cs/ACvplmPrY2cnn2vqmq24rWTG9XOf_etLbRhsWnoviVHTiHEUf5uIah7C3b4Xb6EcGjkWnslEd-FWoEeFNjphfGFt2phz-6gvv3yjtxj9QWfvdVEWSnt__EDPajCnXV5GzgDsTx9XWt6WXQ=w80-h142-k-no","https://ssl.gstatic.com/local/servicebusiness/default_user.png","""very relaxing and very nice staff very approachable.""","",""
"https://www.google.com/maps/place/Tokyo+Glam+Japanese+Salon+-+Ayala+Malls+Manila+Bay,+Para%C3%B1aque/data=!4m7!3m6!1s0x3397cf57b2cf3dbb:0xd0e50c812cc1ad59!8m2!3d14.5243082!4d120.9883876!16s%2Fg%2F11h7v0w8pv!19sChIJuz3PslfPlzMRWa3BLIEM5dA?authuser=0&hl=en&g_ep=EgoyMDI2MDkyOC4wIJJjKgBIAVAD&rclk=1","Tokyo Glam Japanese Salon - Ayala Malls Manila Bay, Parañaque","4.1","(25)","Nail salon","·","·","Open","· Closes 9 PM","https://lh3.googleusercontent.com/grass-cs/ACvplmOjb0_X7ylXRaDMh147ZQYKQSYFmuXXYm8I5RR0dDNs_mQH0jWc0wKbUhv92CljQzNgjFs1R2myG4lgdxAHp5hqlcdlSmCYjy43QLB-brnroYIV5qYWVFksBvi4yx6zKqppb30=w89-h92-k-no","https://ssl.gstatic.com/local/servicebusiness/default_user.png","""I got my lash extensions done here and they were fine.""","",""
"https://www.google.com/maps/place/MRL+Beauty+Lounge+Paranaque+Branch/data=!4m7!3m6!1s0x3397cf000239bce7:0x61b425df836db00d!8m2!3d14.4886643!4d121.0207344!16s%2Fg%2F11mlzshtq4!19sChIJ57w5AgDPlzMRDbBtg98ltGE?authuser=0&hl=en&g_ep=EgoyMDI2MDkyOC4wIJJjKgBIAVAD&rclk=1","MRL Beauty Lounge Paranaque Branch","1.0","(2)","Beauty salon","·","250 Doña Soledad Ave","","","https://lh3.googleusercontent.com/grass-cs/ACvplmPkDUWh3OIEoHeYbmExKqOls4pWUqSpL2iQFgVtS1-HFiU6mHPCbIpbxyOp6xbT5mUeFztiPhYNgLKMxq193IJz4_MYbPob7ZPzyeCmCTtvefEsXtQ-3EPFX1cGcXO8R0SNneXmAle3R8K_=w80-h106-k-no","","","",""
"https://www.google.com/maps/place/Florabelle+Salon+and+Spa+BF+Homes+Para%C3%B1aque+City/data=!4m7!3m6!1s0x3397cfbe6c0faaa5:0x29845d3f08937752!8m2!3d14.4474463!4d121.0294341!16s%2Fg%2F11frsww_q2!19sChIJpaoPbL7PlzMRUneTCD9dhCk?authuser=0&hl=en&g_ep=EgoyMDI2MDkyOC4wIJJjKgBIAVAD&rclk=1","Florabelle Salon and Spa BF Homes Parañaque City","1.6","(5)","Beauty salon","·","203a Aguirre Ave","Open","· Closes 8 PM","https://lh3.googleusercontent.com/grass-cs/ACvplmMT72HtZ7UEHGThnqGYHrzrfDYgKba4z4Ey4fEuFfAVBEu5GufigmdCnCcIYQib4aqXP9XFbK0q8nXJeJV86u940PVjnJLgjdJXg4iQgjv2VVbTbsl3JRY_MJm5-OQI5vHzTsUACQ=w122-h92-k-no","","","",""
"https://www.google.com/maps/place/Dama+Glamorosa+Beauty+Salon+and+Spa/data=!4m7!3m6!1s0x3397cffa98dc5eed:0x6ad827750b894fea!8m2!3d14.4750265!4d120.999549!16s%2Fg%2F11t507rd3f!19sChIJ7V7cmPrPlzMR6k-JC3Un2Go?authuser=0&hl=en&g_ep=EgoyMDI2MDkyOC4wIJJjKgBIAVAD&rclk=1","Dama Glamorosa Beauty Salon and Spa","5.0","(1)","Beauty salon","·","FXGX+3Q8, 0051 Gatchalian Ave","Open","· Closes 10 PM","https://lh3.googleusercontent.com/grass-cs/ACvplmNSenmBzyJVitALdN6fS7N_don2XphlQYobMd_MncaEi5MDEmyJFDEVTM7ZO7GnSyiPb2JT7hiQWv7-kkyxU0ilRgLwIYICrZtr3TyBng0XLwIeBiUt53CjRmNXq3WAZjeKjgtssQ=w122-h92-k-no","","","",""
"https://www.google.com/maps/place/ROYALCUT+SALON+%26+BARBERSHOP/data=!4m7!3m6!1s0x3397cf5866b76dab:0x2e8d2086516d7574!8m2!3d14.4712963!4d121.0228151!16s%2Fg%2F11z7s_jprk!19sChIJq223ZljPlzMRdHVtUYYgjS4?authuser=0&hl=en&g_ep=EgoyMDI2MDkyOC4wIJJjKgBIAVAD&rclk=1","ROYALCUT SALON & BARBERSHOP","5.0","(4)","Beauty salon","·","·","Open","· Closes 8 PM","https://lh3.googleusercontent.com/grass-cs/ACvplmNytwHYkaOq5dXdX5R-jKAGJg5X4LiiAjVjZOWhZTNswABt-s0p3PuhDo2K5Q2FO_w5UwpFPc4BSAoa0y8qeujTyDDvqFOYow2bqlzj8B1AU6CeNrSepNVOvEeM3-JwNL76UIOoE3YykEDh=w80-h92-k-no","https://ssl.gstatic.com/local/servicebusiness/default_user.png","""My","hair","feels smooth and looks amazing."""
"https://www.google.com/maps/place/Florabelle+Salon+and+Spa+-+Better+Living,+Para%C3%B1aque+City/data=!4m7!3m6!1s0x3397cf5f4f82bc9d:0xc189440e9afa37e6!8m2!3d14.4851326!4d121.0288152!16s%2Fg%2F11tkbhy8s9!19sChIJnbyCT1_PlzMR5jf6mg5EicE?authuser=0&hl=en&g_ep=EgoyMDI2MDkyOC4wIJJjKgBIAVAD&rclk=1","Florabelle Salon and Spa - Better Living, Parañaque City","2.0","(3)","Beauty salon","·","Better Living Subd, 156 B Doña Soledad Ave","Open","· Closes 9 PM","https://lh3.googleusercontent.com/grass-cs/ACvplmN93YQvLsRi85p3OXoq0gsOQ6HeNixHprifo6RzoPSkC6RjGlbgTstpZ2nlcAR15bUpf4lbgEZsjCxbgKMwoiX-J0pHz9zLCvxG7AryM0dil2brROHfo7awXWksIoo-1QnpSHGWNQ=w80-h142-k-no","","","",""
"https://www.google.com/maps/place/Miss+C+Salon/data=!4m7!3m6!1s0x3397cf03ddb1ea9d:0x5df745a15327b436!8m2!3d14.4833631!4d121.0374857!16s%2Fg%2F11bw5m993d!19sChIJneqx3QPPlzMRNrQnU6FF910?authuser=0&hl=en&g_ep=EgoyMDI2MDkyOC4wIJJjKgBIAVAD&rclk=1","Miss C Salon","3.9","(15)","Hair salon","·","·","Open","· Closes 7 PM","https://lh3.googleusercontent.com/grass-cs/ACvplmMiByrZ2bqXpf8jNu-sBcJRlXsV4C93Dgr1PFwU5vLuTZntRSVzymoGrGzezypIGF06jec6nMfZBUcS0e97VSqtm4fz92ilOYmWqn6lYdWLwopr2YhHVCzp3brmgha5RJ0kLmhK=w203-h92-k-no","https://ssl.gstatic.com/local/servicebusiness/default_user.png","""The staff is super nice and do their job really well.""","",""
"https://www.google.com/maps/place/The+Brow+Studio+-+SM+City+BF+Paranaque/data=!4m7!3m6!1s0x3397cfd9d11a2c09:0xfb9d5df3055b740e!8m2!3d14.4583539!4d121.0319656!16s%2Fg%2F11xp42110h!19sChIJCSwa0dnPlzMRDnRbBfNdnfs?authuser=0&hl=en&g_ep=EgoyMDI2MDkyOC4wIJJjKgBIAVAD&rclk=1","The Brow Studio - SM City BF Paranaque","5.0","(35)","Beauty salon","·","BF Homes, Dr. A. Santos Avenue, cor President's Ave","Open","· Closes 9 PM","https://lh3.googleusercontent.com/grass-cs/ACvplmPYqw58PaDIcUEZ8ovVaqxMh6dmer4W36xe6KTGES-XlkPy_Q9AYOLnR5d_G-3McGBF58oJdHDPldtOQkCkYxyB38ExYkDe9mw040YC2Yg7HTtVmtNPrRw4y2ciPT2PFnXCRZMj9UxwXB4=w122-h92-k-no","https://ssl.gstatic.com/local/servicebusiness/default_user.png","""My brow stylist is Myla and she does a great job for my brows every time.""","",""
"https://www.google.com/maps/place/Douche+Hair+Salon+Baclaran+paranaque+city/data=!4m7!3m6!1s0x3397c951878ff69f:0xc788b2526595a7f6!8m2!3d14.531093!4d120.9968142!16s%2Fg%2F11c6pm6_0v!19sChIJn_aPh1HJlzMR9qeVZVKyiMc?authuser=0&hl=en&g_ep=EgoyMDI2MDkyOC4wIJJjKgBIAVAD&rclk=1","Douche Hair Salon Baclaran paranaque city","3.8","(14)","Hair salon","·","R2, douche salon, 210 Quirino Ave","Open","· Closes 9 PM","https://lh3.googleusercontent.com/grass-cs/ACvplmOI8TOC-z-8lm8VlW7-EzxR7FrFUZsCRRrcEy6JHeuBtLZFny1oKhrZTRjMU8wPv7C3lXMxz9EtfCNQxh6DFrjzLl8luXwZkOIue8f98mvt3Q4W9IXHfiu5Tn7NRuOcum6y88Y=w122-h92-k-no","","","",""
"https://www.google.com/maps/place/Hyejin%27s+Salon+main+branch/data=!4m7!3m6!1s0x3397cf2291ba448f:0xe10350c314352b6a!8m2!3d14.4708313!4d121.0079416!16s%2Fg%2F11yfbx1fkm!19sChIJj0S6kSLPlzMRais1FMNQA-E?authuser=0&hl=en&g_ep=EgoyMDI2MDkyOC4wIJJjKgBIAVAD&rclk=1","Hyejin's Salon main branch","5.0","(1)","Beauty salon","·","C Building, Per Mar, 8290 Dr Arcadio Santos Ave","Open","· Closes 8 PM","https://lh3.googleusercontent.com/grass-cs/ACvplmN65oLjDVWevH9UvDC84xB6h5lWYqHz33QjN5irtQPzOnOmAyUexehEGemRKrvYaXA1zOHRc6JsaRrs7QkEDnpJF_5Hql_WnmAN0UPcJvjlfoimIr6F-kB0N3ycRFxbZaq43TdeMtrEitg=w175-h92-k-no","","Onsite services","",""
"https://www.google.com/maps/place/Creations+By+Lourd+Ramos+Salon+BF+Homes+Para%C3%B1aque/data=!4m7!3m6!1s0x3397cf34c5c153eb:0x27d790256548e351!8m2!3d14.4449646!4d121.0285533!16s%2Fg%2F11h6lz5zb3!19sChIJ61PBxTTPlzMRUeNIZSWQ1yc?authuser=0&hl=en&g_ep=EgoyMDI2MDkyOC4wIJJjKgBIAVAD&rclk=1","Creations By Lourd Ramos Salon BF Homes Parañaque","4.0","(8)","Beauty salon","·","C2VH+XCM","Open","· Closes 8 PM","https://lh3.googleusercontent.com/grass-cs/ACvplmNE0WHc-cQtPGUVKSRSgdeo4dO-08yGAi6YnmLw6LBB8qHvlWAnSWHqrLHp-JPZ4S6NcHlf7nVlBe7dhr0iU15qNLDNDc3SDAYY2yfBvwwtH_H0UPeDSJvVSpWWCc1DJmuy4qeFlw=w138-h92-k-no","https://ssl.gstatic.com/local/servicebusiness/default_user.png","""Hairstylist Glen is good.""","",""
"https://www.google.com/maps/place/iCon+Salon/data=!4m7!3m6!1s0x3397cee02eeb8671:0x6f63969b29e9159f!8m2!3d14.4974237!4d121.0330778!16s%2Fg%2F11fy27j3l_!19sChIJcYbrLuDOlzMRnxXpKZuWY28?authuser=0&hl=en&g_ep=EgoyMDI2MDkyOC4wIJJjKgBIAVAD&rclk=1","iCon Salon","4.2","(5)","Beauty salon","·","F2WM+X68, Edison Ave","Open","· Closes 5 PM","https://lh3.googleusercontent.com/grass-cs/ACvplmNnAUPZ7mSIdTQU5FzxfGVbcYoGGCdKo1GnVoFSTn52yen5moPiWsOZJWwCqtckM3qPTKai8HLEzqoN_EoHL3A6aKX1Bd4DEZK-pEbRAF_6pcZ1eN4ZXUBgHFVhdkPynXyHn2WP=w80-h106-k-no","https://ssl.gstatic.com/local/servicebusiness/default_user.png","""Very honest on which colors are achieved and what works based on your skin.""","",""
"https://www.google.com/maps/place/Salon+De+Belleza+PH+-+BF+Homes/data=!4m7!3m6!1s0x3397cfab2673cb5b:0xada767d21b8bcb15!8m2!3d14.4448556!4d121.0269918!16s%2Fg%2F11w35clfdm!19sChIJW8tzJqvPlzMRFcuLG9Jnp60?authuser=0&hl=en&g_ep=EgoyMDI2MDkyOC4wIJJjKgBIAVAD&rclk=1","Salon De Belleza PH - BF Homes","4.3","(46)","Hair salon","·","29 Aguirre Ave","Open now","","https://lh3.googleusercontent.com/grass-cs/ACvplmPPqwYvd6-HgKqMdqitdQmSsKeUjkkBn_HFZbtYQGf_ZN7EDWGQkzF9P-l2SpUaMY64mlZBbB3kLgB_jr5Mn8Eb00TBmOm7f91aOWehmYU0iJjMmpwv_xa4ttYMVj3X0lmgF8rmiT1aIjA=w80-h106-k-no","https://ssl.gstatic.com/local/servicebusiness/default_user.png","""They did a good job and helped me achieve my dream","hair","color."""
"https://www.google.com/maps/place/Lanz+Salon/data=!4m7!3m6!1s0x3397ce9ed6be2c0b:0x1cee9d99b05570bc!8m2!3d14.5027003!4d120.9929287!16s%2Fg%2F11bwpzgv4l!19sChIJCyy-1p7OlzMRvHBVsJmd7hw?authuser=0&hl=en&g_ep=EgoyMDI2MDkyOC4wIJJjKgBIAVAD&rclk=1","Lanz Salon","4.3","(22)","Beauty salon","·","4545 Quirino Ave","","","https://lh3.googleusercontent.com/grass-proxy/AIM7gW1v3tiAvZGzCPY9Ea5tQeBaH4LawYMe-9yVRuJC7TOGz5--w48_q3qvAVBlXlq3DEn8PS52tlaj1JEC7EaW_OXZYZi6IvWFAJJoApjb1o4A1z6cWL1kivwagxrG7VGODIWZOvC1pjpDFEqILiVCaamRCnnFlkQVwLmA6rfUioTPS_7X0xlNsiwd3BnQepYCodjxs0k45Q=w80-h116-k-no","","","",""
"https://www.google.com/maps/place/StayChic.mnl/data=!4m7!3m6!1s0x3397cf002ecafef7:0x259b01aa91bbe402!8m2!3d14.5161024!4d120.9934332!16s%2Fg%2F11vy2b6rjh!19sChIJ9_7KLgDPlzMRAuS7kaoBmyU?authuser=0&hl=en&g_ep=EgoyMDI2MDkyOC4wIJJjKgBIAVAD&rclk=1","StayChic.mnl","4.6","(11)","Nail salon","·","Blk 1, Lot32B Seaside, Seaside Dr","Open","· Closes 11 PM","https://lh3.googleusercontent.com/grass-cs/ACvplmOHLfZVonR5xNFELTf3oJn_6tZaP7vCrZLQozar_pimsZajaLCWPQ2jYHUE9bPDUMbLdh-vuc-63zzq2Lm0C14EsAlCOeRh71upPDKTajjGthiDxbqMBC9lAb1OYgzvem9fB58amoTDwemO=w80-h142-k-no","https://ssl.gstatic.com/local/servicebusiness/default_user.png","""I did pedicure, manicure and gel polish on nails.""","",""
"https://www.google.com/maps/place/Forever+Klassy+Nails+Salon+Beauty+Lounge/data=!4m7!3m6!1s0x3397cf23c1d86911:0x4208a94b1b7afbe7!8m2!3d14.4919719!4d121.0121003!16s%2Fg%2F11rcx8qf_p!19sChIJEWnYwSPPlzMR5_t6G0upCEI?authuser=0&hl=en&g_ep=EgoyMDI2MDkyOC4wIJJjKgBIAVAD&rclk=1","Forever Klassy Nails Salon Beauty Lounge","5.0","(3)","Nail salon","·","St Francis","Open","· Closes 9 PM","https://lh3.googleusercontent.com/grass-cs/ACvplmNpatKyHMEAeu4he26kR5tU8S_N4O3l87yrjtLe3YQMur1h8mN5hHClzNxHa7QpaizxGgdMBY7cMZQoaRDsAE3wCKu2UIkrXs9GQ1-PLH4fxX1gPOnC78tUjB-_ARHdi5P3o4vt7KkESnPO=w80-h106-k-no","","","",""
"https://www.google.com/maps/place/Edwin+Salon+Sucat+Branch/data=!4m7!3m6!1s0x3397ce4b9fd10fb5:0xee9e588a809d651c!8m2!3d14.462628!4d121.030612!16s%2Fg%2F11f3456mvw!19sChIJtQ_Rn0vOlzMRHGWdgIpYnu4?authuser=0&hl=en&g_ep=EgoyMDI2MDkyOC4wIJJjKgBIAVAD&rclk=1","Edwin Salon Sucat Branch","4.3","(10)","Beauty salon","·","F27J+365","Open","· Closes 9 PM","https://lh3.googleusercontent.com/grass-cs/ACvplmMAQVhYTh1UcCH0U8szDXYpV43BiHC7gkm_S7pvjKHhh8SMAwnmrbpoB3PgDxaKPGV7OdmQHFefc5zsk_Odf3DfLxid-33zxzSxK_K01y41OjWrCI61CpgzKzU9Jb6Z-Klnvo9pVA=w80-h106-k-no","https://ssl.gstatic.com/local/servicebusiness/default_user.png","""Stylist is very good n bayalage foilage n rebonding excellent service""","",""
"https://www.google.com/maps/place/Mirangcurl+Ayala+Manila+Bay/data=!4m7!3m6!1s0x3397cfb72c43093b:0x956ae8417f99c43b!8m2!3d14.5246354!4d120.9899216!16s%2Fg%2F11v3nnxt87!19sChIJOwlDLLfPlzMRO8SZf0HoapU?authuser=0&hl=en&g_ep=EgoyMDI2MDkyOC4wIJJjKgBIAVAD&rclk=1","Mirangcurl Ayala Manila Bay","4.3","(58)","Beauty salon","·","·","Open","· Closes 9 PM","https://lh3.googleusercontent.com/grass-cs/ACvplmPH7zhdG61eysdQuzRE4TQYeqTjGm-pwmhFEBYAt-fabmQ7vG5Y29fhnqDcmIjdruEjQIH3Uo3l-IlXxXq5SWC7GQuGL7X2iAYUemwIIunWm8-IPYvcNaZdiiA89e5U3AAn_R8G_baiOpgC=w80-h106-k-no","https://ssl.gstatic.com/local/servicebusiness/default_user.png","""... listened to my","hair","concerns and what I wanted from the"
"https://www.google.com/maps/place/Beauty+Couture+Betterliving/data=!4m7!3m6!1s0x3397cf04c7d0b1ef:0x4333dad27b1e01c7!8m2!3d14.4827732!4d121.0373477!16s%2Fg%2F11tx54n0rx!19sChIJ77HQxwTPlzMRxwEee9LaM0M?authuser=0&hl=en&g_ep=EgoyMDI2MDkyOC4wIJJjKgBIAVAD&rclk=1","Beauty Couture Betterliving","5.0","(32)","Skin care clinic","·","61 Doña Soledad Ave","Open","· Closes 8 PM","https://lh3.googleusercontent.com/grass-cs/ACvplmPIpaJTgLU392P01Nov-K3-9VbnDMTKgAvFNxdFFolKpH_RvQETO5h1d83lRMssuOeRKQDc3VRiGxaE6esuWFUOoPGqSM25mwy6fToYu20QSzjypz1uPNUb_B5rRytMFfJaedisUSaxrIc=w80-h106-k-no","https://ssl.gstatic.com/local/servicebusiness/default_user.png","""Great customer service both facial service and the employee.""","",""
"https://www.google.com/maps/place/MOOI+Para%C3%B1aque/data=!4m7!3m6!1s0x3397ce48fcee16dd:0x47029bba54de9d94!8m2!3d14.4625843!4d121.024964!16s%2Fg%2F11gfd_z84g!19sChIJ3Rbu_EjOlzMRlJ3eVLqbAkc?authuser=0&hl=en&g_ep=EgoyMDI2MDkyOC4wIJJjKgBIAVAD&rclk=1","MOOI Parañaque","4.8","(11)","Skin care clinic","·","2F, Retail Area, Amaia Steps Sucat, Dr Arcadio Santos Ave","Open","· Closes 8 PM","https://lh3.googleusercontent.com/grass-cs/ACvplmPBY5UmA_1gO0dYmPPOrP96rrJpD-TmPy_k7iLoT4BTPWNh2NddbxBFOo1bICEcA5R8ixk6aTLp9k0ODGLzXLqkB_-oeyTsWfH8Yy9UWVDpd6il2N0AETUCcStY93o9uije25jQdorqXqAT=w138-h92-k-no","https://ssl.gstatic.com/local/servicebusiness/default_user.png","""Relaxing massage at reasonable rates.""","",""
"https://www.google.com/maps/place/Syd+%26+Zia/data=!4m7!3m6!1s0x3397c97a7374c893:0xad6a7c983c3c2aac!8m2!3d14.5292962!4d120.9965408!16s%2Fg%2F11qsvz6fp8!19sChIJk8h0c3rJlzMRrCo8PJh8aq0?authuser=0&hl=en&g_ep=EgoyMDI2MDkyOC4wIJJjKgBIAVAD&rclk=1","Syd & Zia","4.2","(23)","Beauty salon","·","3565 C. Rivera","Closed","· Opens 9 AM Fri","https://lh3.googleusercontent.com/grass-cs/ACvplmN7vk98U8XK460r-fUqwaEHqonfET2S6uGJzOYNSIFGz_f42qYnXnT-0C1j9G1ykjFbuw2VbzoVR7T_Uk7qm8eKyzsentT1zT8aSyKN5n-vlfGrOK4YuIdJF0jgFxkLSdIcAS1i7nx3yFYa=w80-h106-k-no","https://ssl.gstatic.com/local/servicebusiness/default_user.png","""I left the","salon","feeling confident for my new look!"""
"https://www.google.com/maps/place/Unicorn+Touch+Salon/data=!4m7!3m6!1s0x3397cf300667d9a9:0x5ded5c029f1f08b4!8m2!3d14.4993705!4d120.9908722!16s%2Fg%2F11s7vqwly5!19sChIJqdlnBjDPlzMRtAgfnwJc7V0?authuser=0&hl=en&g_ep=EgoyMDI2MDkyOC4wIJJjKgBIAVAD&rclk=1","Unicorn Touch Salon","5.0","(1)","Beauty salon","·","1084 Quirino Ave","Open","· Closes 9 PM","https://lh3.googleusercontent.com/grass-cs/ACvplmOQCl9rz4ug8vqh4LJGGeD10WGkMP7DZW7jWgriFy9pb_VjJFQW_VvIvkc8QRKsTKwvodadvWFyIj9eqSgT-aZlSGBOeCOH8DmQcvi7sGC4haZNJhtR6g8quie5EWgLxqqE8ECG=w122-h92-k-no","","","",""
"https://www.google.com/maps/place/iCon+Salon/data=!4m7!3m6!1s0x3397cee02eeb8671:0x6f63969b29e9159f!8m2!3d14.4974237!4d121.0330778!16s%2Fg%2F11fy27j3l_!19sChIJcYbrLuDOlzMRnxXpKZuWY28?authuser=0&hl=en&g_ep=EgoyMDI2MDkyOC4wIJJjKgBIAVAD&rclk=1","iCon Salon","4.2","(5)","Beauty salon","·","F2WM+X68, Edison Ave","Closes soon","· 5 PM · Opens 9 AM Fri","https://lh3.googleusercontent.com/grass-cs/ACvplmNnAUPZ7mSIdTQU5FzxfGVbcYoGGCdKo1GnVoFSTn52yen5moPiWsOZJWwCqtckM3qPTKai8HLEzqoN_EoHL3A6aKX1Bd4DEZK-pEbRAF_6pcZ1eN4ZXUBgHFVhdkPynXyHn2WP=w80-h106-k-no","https://ssl.gstatic.com/local/servicebusiness/default_user.png","""Very honest on which colors are achieved and what works based on your skin.""","",""
"https://www.google.com/maps/place/Anthony%27s+Studio+Hair+%26+Nails/data=!4m7!3m6!1s0x3397c95755984101:0x6b8dee415cdc5edc!8m2!3d14.5269007!4d120.989148!16s%2Fg%2F11vbwgfvl8!19sChIJAUGYVVfJlzMR3F7cXEHujWs?authuser=0&hl=en&g_ep=EgoyMDI2MDkyOC4wIJJjKgBIAVAD&rclk=1","Anthony's Studio Hair & Nails","4.1","(20)","Hair salon","·","Second Floor, Parqal Mall","Open now","","https://lh3.googleusercontent.com/grass-cs/ACvplmMjZqEdIq0sQiloOqdLVFcIDZXFTWyONjE80ew1QBxCZvEL4zOpdAWYvjj7quwlkmfgRjfMkK6lmPL0fTy6-FWfAYhsgn7oGyDIJsc5etDRCxF7jymr0Ofxfl8CJLy200Cu1mEH-g=w151-h92-k-no","https://ssl.gstatic.com/local/servicebusiness/default_user.png","""This","salon","has professional staffs, I experienced satisfying service."""
"https://www.google.com/maps/place/The+Colorist+SM+Bicutan/data=!4m7!3m6!1s0x3397cf5c773a1e0f:0x7576275e7328d353!8m2!3d14.4857882!4d121.0281383!16s%2Fg%2F11ylpqlr22!19sChIJDx46d1zPlzMRU9Moc14ndnU?authuser=0&hl=en&g_ep=EgoyMDI2MDkyOC4wIJJjKgBIAVAD&rclk=1","The Colorist SM Bicutan","5.0","(61)","Beauty supply store","·","The Colorist, C113-C114, Upper Ground Floor SM Bicutan, Dona Soledad Avenue, corner South Luzon Expy","Open","· Closes 9 PM","https://lh3.googleusercontent.com/grass-cs/ACvplmNyHZGQBL2BO4soKTNsfL2gZze11dHLC2JihiBNRQf6JxH-_xQqLUV0WfxjrtJwXGT3WSIJG7cuRhiy0JnSH7CWU5apQ_nak3fZG62CtFyplG6C5vAuRZmXHnPugGBm5rpy-6OCKebfnqk=w122-h92-k-no","https://ssl.gstatic.com/local/servicebusiness/default_user.png","""Had a great experience at The Colorist SM Bicutan!""","",""
"https://www.google.com/maps/place/YOU+ARE+GORGEOUS+SALON/data=!4m7!3m6!1s0x3397cfdf527b2407:0x44bc50a846b5f69b!8m2!3d14.4899178!4d121.0341557!16s%2Fg%2F11jd96z19l!19sChIJByR7Ut_PlzMRm_a1RqhQvEQ?authuser=0&hl=en&g_ep=EgoyMDI2MDkyOC4wIJJjKgBIAVAD&rclk=1","YOU ARE GORGEOUS SALON","5.0","(2)","Beauty salon","·","F2QM+XM6","Open","· Closes 6 PM","https://lh3.googleusercontent.com/grass-cs/ACvplmP4oRoYhOydmGWMUjxP3DbFzFNffbMM7i4xt864SL_LT0wowP8_6Mo_CNOcF9-4IsSZh402CS7FuRQdirsLpiV4lsNE2gtMdQFTUv8doMAH0GvwLsK3d4wx4BeV_lfhUxBJ_38x5A=w179-h92-k-no","","","",""
"https://www.google.com/maps/place/Nilo%27s+Cut+Salon/data=!4m7!3m6!1s0x3397cefe0c78387f:0x7a87c8243124b97e!8m2!3d14.483884!4d121.032295!16s%2Fg%2F11bwgwfhn2!19sChIJfzh4DP7OlzMRfrkkMSTIh3o?authuser=0&hl=en&g_ep=EgoyMDI2MDkyOC4wIJJjKgBIAVAD&rclk=1","Nilo's Cut Salon","4.8","(4)","Hair salon","·","112 Dona Soledad Avenue Better Living Subdivision","Open now","","https://lh3.googleusercontent.com/grass-proxy/AIM7gW3ZYE9SOd6t2WTm4wxTaGHDfN-Ft7A96Lbj3NgeV_hn9gdExCdvMwAZRYO-meQuKLnqpyL8p_a2Ek4n1S-yt2LEVAqcuoY39_T1CuuBEfN7UyUfuixlfu4Ot8fo4tbukxmiVXf0RNHXgT2_POQ-ukSl19EFzMGlrWRRoeOxiXzJ0pXvQxcRerVgkIgYSuOnlzAtMwMvUQ=w122-h92-k-no","","","",""
"https://www.google.com/maps/place/Lavish+Touch+BEAUTY+SALON/data=!4m7!3m6!1s0x3397cef44ae28b53:0x53056af814fcff70!8m2!3d14.4829541!4d121.0188853!16s%2Fg%2F11kk6z67k0!19sChIJU4viSvTOlzMRcP_8FPhqBVM?authuser=0&hl=en&g_ep=EgoyMDI2MDkyOC4wIJJjKgBIAVAD&rclk=1","Lavish Touch BEAUTY SALON","5.0","(1)","Beauty salon","·","F2M9+5HJ, Levitown Ave","Open now","","https://lh3.googleusercontent.com/grass-cs/ACvplmOrKIqdZTjM0-60_bwUsoNdKsClzYpw_4q0EaFE_4uuURMxYD8tlP9tCiK5CL7KFRHX05ljyeXMV0dnu27Cf29lHPYCMJWTwQgLNB13kaOo95YRILK_VnFUO5iA16WqxXiaHbb326DtpMWT=w80-h173-k-no","","","",""
"https://www.google.com/maps/place/Dear+Nails+Studio+Betterliving/data=!4m7!3m6!1s0x8e8f8fa0430fbbbf:0x1522e54020fb468f!8m2!3d14.482517!4d121.036157!16s%2Fg%2F11sdyjh05n!19sChIJv7sPQ6CPj44Rj0b7IEDlIhU?authuser=0&hl=en&g_ep=EgoyMDI2MDkyOC4wIJJjKgBIAVAD&rclk=1","Dear Nails Studio Betterliving","4.5","(55)","Nail salon","·","72 Doña Soledad Ave","Open","· Closes 11 PM","https://lh3.googleusercontent.com/grass-cs/ACvplmMj5MBBGsBsDRYpDOkSp4db0G46LU0KBOpwnShq39STiLyXRwx1OeTn_TNIq7-KnlHrxGkFoBzncCOa97MnydhoEpZ9lgzGMC_qGJQqMVivvRZU1UZjHVtKxDKV4OzDYNDX6gsixA=w80-h142-k-no","https://ssl.gstatic.com/local/servicebusiness/default_user.png","""Great service and very skilled manicurists :)""","",""
"https://www.google.com/maps/place/AB+%26+GG+Salon/data=!4m7!3m6!1s0x3397cfff84b173c3:0x407a1eabfec431d1!8m2!3d14.4466298!4d121.0281834!16s%2Fg%2F11rqzbnz9n!19sChIJw3OxhP_PlzMR0THE_qseekA?authuser=0&hl=en&g_ep=EgoyMDI2MDkyOC4wIJJjKgBIAVAD&rclk=1","AB & GG Salon","5.0","(10)","Beauty salon","·","C2WH+M73, J. L. Escoda St","Closed","· Opens 8 AM Fri","https://lh3.googleusercontent.com/grass-cs/ACvplmN27VEJGBYMeKyr4iukDpmwDky8obqk3rqEW3cm2lgvx0A1puMdQNcRnbb3fKHFkoPWF0MsINwjgTGabTNA1quQt0rg8Bm3UpItaVkmweZDCFYm5OJyJR_c6ngdEQK-1OVw-B0=w80-h106-k-no","https://ssl.gstatic.com/local/servicebusiness/default_user.png","""Overall, an honest, professional, and caring","salon","."""
"https://www.google.com/maps/place/Nail+Paradise/data=!4m7!3m6!1s0x3397ce9e8411dc1d:0x5168638b08634677!8m2!3d14.4995573!4d120.9909572!16s%2Fg%2F1hm328l5p!19sChIJHdwRhJ7OlzMRd0ZjCItjaFE?authuser=0&hl=en&g_ep=EgoyMDI2MDkyOC4wIJJjKgBIAVAD&rclk=1","Nail Paradise","4.3","(6)","Beauty salon","·","2/F, MR Building, 1084 Quirino Ave","Open","· Closes 9 PM","https://lh3.googleusercontent.com/grass-cs/ACvplmPFVGNCjVvY3PE3duoUoDWw5ppQe1zigycHqhSxI03Pakve3DBuKAV0icvRynhpo8URJYZbIHyIMvD1mh_YSNEBDzVS5nVVPx2CXdQ9NoRxxiurV-WxFk14Yr-1H-4A0JjAzBFQ_Q=w122-h92-k-no","","","",""
"https://www.google.com/maps/place/Magic+Touch+Studio+Salon/data=!4m7!3m6!1s0x3397cf1680ac28f9:0x8589004760d99cee!8m2!3d14.4840642!4d121.0241371!16s%2Fg%2F11r3v3dgvz!19sChIJ-SisgBbPlzMR7pzZYEcAiYU?authuser=0&hl=en&g_ep=EgoyMDI2MDkyOC4wIJJjKgBIAVAD&rclk=1","Magic Touch Studio Salon","5.0","(1)","Beauty salon","·","139, One Summit Building, Saudi Arabia","Open","· Closes 6 PM","https://lh3.googleusercontent.com/grass-cs/ACvplmPfVAYYIJYicnE4L2OLniOGme4Ce79MUj7R59fBkBC5L49t3JOnhTSzAB6phJyPR9-kq4VuhWq3PnAkzIfAmYrnejdSMzq0YNBoS27BtakhqAtpO5Ej8132Qp0ok2nN8LNNXGfSAg=w122-h92-k-no","","","",""
"https://www.google.com/maps/place/Sihanna+Beauty+Salon/data=!4m7!3m6!1s0x3397cf0bcdc3e261:0x3ca48c6e50fd68a6!8m2!3d14.4690366!4d121.0117391!16s%2Fg%2F11zgqyc4j3!19sChIJYeLDzQvPlzMRpmj9UG6MpDw?authuser=0&hl=en&g_ep=EgoyMDI2MDkyOC4wIJJjKgBIAVAD&rclk=1","Sihanna Beauty Salon","","","Hair salon","·","Bakawan street, Purok 1 Silverio Compound Rd","Open","· Closes 9 PM","https://streetviewpixels-pa.googleapis.com/v1/thumbnail?panoid=tWRcLqedRWZ6AtN6anTEFg&cb_client=search.gws-prod.grass&w=80&h=92&yaw=29.271776&pitch=0&thumbfov=100","","","",""
"https://www.google.com/maps/place/Cait+and+Ping+Nail+Salon/data=!4m7!3m6!1s0x3397cfc292ea20bd:0xac83d4af8feef4a0!8m2!3d14.4504554!4d121.0302827!16s%2Fg%2F11ll5tfx6h!19sChIJvSDqksLPlzMRoPTuj6_Ug6w?authuser=0&hl=en&g_ep=EgoyMDI2MDkyOC4wIJJjKgBIAVAD&rclk=1","Cait and Ping Nail Salon","4.6","(31)","Nail salon","·","2F President's Ave","Open","· Closes 9 PM","https://lh3.googleusercontent.com/grass-cs/ACvplmN7aCdK8-UhmrOIsYUnVo1wL7zwSg1-8QFIEgrMUUCjhISTRd2vlmwx7iA7BUG2MYpnf6K9nJ62-HFbTir-EihVZ8d_3akxPbtqNT-6Z0U1N7CPevd-8aq71sFHRJ33BBugs45pZQ=w92-h92-k-no","https://ssl.gstatic.com/local/servicebusiness/default_user.png","""From nails, to spa treatments and eyelashes, they really focus on quality.""","",""
"https://www.google.com/maps/place/Levy+Branzuela+Salon/data=!4m7!3m6!1s0x3397ce7ab4a53a73:0x36a07da08fb2f865!8m2!3d14.474552!4d120.999051!16s%2Fg%2F11bwn7w024!19sChIJczqltHrOlzMRZfiyj6B9oDY?authuser=0&hl=en&g_ep=EgoyMDI2MDkyOC4wIJJjKgBIAVAD&rclk=1","Levy Branzuela Salon","4.5","(16)","Beauty salon","·","Lot 4 Palanyag Road","Open","· Closes 8:30 PM","https://lh3.googleusercontent.com/grass-cs/ACvplmMPjH56CMkMAjnyCIoHvojNETU9EwuNf0WSbhQJoH2JnlzbhpRvFsA4G3vc7yZxJ47wX5g3Kob_w3cN3FSlFgbfytNkkfqIxvef8oneznHE1rc98LfA1_UXdW65pC0dHaTBKOer=w122-h92-k-no","","","",""
"https://www.google.com/maps/place/Gilbert+Salon/data=!4m7!3m6!1s0x3397cf08ec970d9b:0xed71d09530ac3280!8m2!3d14.4755899!4d121.048099!16s%2Fg%2F11t9118r5w!19sChIJmw2X7AjPlzMRgDKsMJXQce0?authuser=0&hl=en&g_ep=EgoyMDI2MDkyOC4wIJJjKgBIAVAD&rclk=1","Gilbert Salon","5.0","(4)","Beauty salon","·","Daang Hari","Open","· Closes 9 PM","https://lh3.googleusercontent.com/grass-cs/ACvplmO7ZaYXNCbgv_65oY83R4Hdqyrdhp4yBYh6pUzagzmH3CAmyrpLsCYmP_vITzj1cu7nDv7vVnTALSfG9GpvfJLgvNgTstdCCfTN53PfnGfRZw9cJ2Ka0uZY_nhAm7ItEXJ09RyhGFSF9tV9=w80-h106-k-no","","","",""
"https://www.google.com/maps/place/Herry+Salon/data=!4m7!3m6!1s0x3397cf8d751b1347:0x4fc7099d2e21e5b9!8m2!3d14.5049968!4d120.9936733!16s%2Fg%2F11g3y8ggh2!19sChIJRxMbdY3PlzMRueUhLp0Jx08?authuser=0&hl=en&g_ep=EgoyMDI2MDkyOC4wIJJjKgBIAVAD&rclk=1","Herry Salon","3.3","(4)","Beauty salon","·","371Nersan Square, Quirino Ave","Open","· Closes 9 PM","https://lh3.googleusercontent.com/grass-cs/ACvplmMGGEUkaNa_vePuJY2q-YpywKz_MQx4iK535zwE8vWqMgnKK3g7Ce2rBp5_mQGPxC8etzoJK07vY2rAJzb8fLDItrzqg3TmibbBqPgpNXCX5q3PYmW6P60MMTIRNO55NtLs1fDJ=w163-h92-k-no","","","",""
"https://www.google.com/maps/place/Strands+for+Him+and+Her+Salon/data=!4m7!3m6!1s0x3397cfcb0d5ce815:0x76703d6d0764196!8m2!3d14.4563282!4d121.0065992!16s%2Fg%2F11vwzpvyvf!19sChIJFehcDcvPlzMRlkF20NYDZwc?authuser=0&hl=en&g_ep=EgoyMDI2MDkyOC4wIJJjKgBIAVAD&rclk=1","Strands for Him and Her Salon","5.0","(1)","Beauty salon","·","UNIT E - R.L.V Building, 349 Aguirre Ave, Parañaque, 1720","Open","· Closes 7 PM","https://lh3.googleusercontent.com/grass-cs/ACvplmNhJ89qvrPbZNzHlMDYsGw6akF2D_5bK_v8mL5rTBk9z8aXmN8KftcYFgx46DPUG5YaTX_vVnuqsYVzG8dvJUJNCRZ2GZh7Lk26CF2i1cVA2fwTfGg6HUqbGmJD8Au6yn2azPcbpA=w80-h106-k-no","https://ssl.gstatic.com/local/servicebusiness/default_user.png","""Had my","hair","done with them with treatment;"""
"https://www.google.com/maps/place/AZAYAKA+SALON+AND+SPA/data=!4m7!3m6!1s0x3397cf07f651f9bb:0xfad241a7d2078f12!8m2!3d14.4743981!4d120.9982821!16s%2Fg%2F11t_t_pwc_!19sChIJu_lR9gfPlzMREo8H0qdB0vo?authuser=0&hl=en&g_ep=EgoyMDI2MDkyOC4wIJJjKgBIAVAD&rclk=1","AZAYAKA SALON AND SPA","4.4","(9)","Beauty salon","·","Lot 3 Block 2, Unit A Gatchalian Ave","","","https://lh3.googleusercontent.com/grass-cs/ACvplmOZSnM6WXKP8pGOgLZ31CzoGdhK4Wl8p3GgK9Dx9ItQ446KLhT9zHzJyH84u-peIIvViT2FqZITGXek45NpmEzb1g0ljO6VpeXugHkovirF4YNs2nyJ7vRGWDGpPCLDSpz8_Kar=w122-h92-k-no","https://ssl.gstatic.com/local/servicebusiness/default_user.png","""Great massage and excellent haircare for men and women""","",""
"https://www.google.com/maps/place/Lewnara+Salon+And+Spa/data=!4m7!3m6!1s0x3397ce456ebebe27:0xeddd414a71e9efea!8m2!3d14.4685829!4d121.0210126!16s%2Fg%2F11bw75vcc0!19sChIJJ76-bkXOlzMR6u_pcUpB3e0?authuser=0&hl=en&g_ep=EgoyMDI2MDkyOC4wIJJjKgBIAVAD&rclk=1","Lewnara Salon And Spa","5.0","(2)","Beauty salon","·","Valley 1, 135 San Antonio Ave","Open now","","https://lh3.googleusercontent.com/grass-proxy/AIM7gW0tpThA56tEmLvGQqmp583lh62y7Fg5DTKDOjTsQGu2LbnAJMyWzPgtpvtrC3VIT5sBbBy3hefeGKj5-KnjWqAPOQbGIL89lGn9onudIaRfDw3A5iNFuON89P453CWHkzG-k93TlAR5AM2rMLCzVIzp5tVMy-EtS9P3vpu22WeKAra0MLl9qhSPR15HCK2bXyCAaDhXTw=w163-h92-k-no","https://ssl.gstatic.com/local/servicebusiness/default_user.png","""I just got my","hair","done here a day ago."""
"https://www.google.com/maps/place/Beautigorgesalon/data=!4m7!3m6!1s0x3397cf3ac4d64a9d:0x42f1405ba2da811a!8m2!3d14.4861077!4d121.0267992!16s%2Fg%2F11shw49svf!19sChIJnUrWxDrPlzMRGoHaoltA8UI?authuser=0&hl=en&g_ep=EgoyMDI2MDkyOC4wIJJjKgBIAVAD&rclk=1","Beautigorgesalon","5.0","(1)","Beauty salon","·","23 Russia Street, Cor United Nations","Open","· Closes 8 PM","https://lh3.googleusercontent.com/grass-cs/ACvplmMCIzkqmN_ZtlZnKuVGQGBHVuPCfhyIlntfV2Cd_T8H1kbu7S5w-7sACXhj2Ha2bF2geVprIaU0u_Kc7c_kvWuTdwGREsy8BcMlOxuHN7kPSn8Uqb-8QhyeVqdUwdD2ZdXbqwyT=w80-h106-k-no","","","",""
"https://www.google.com/maps/place/Cosmo+World+Salon/data=!4m7!3m6!1s0x3397ce3b98496c93:0x7cd6ea437667fec1!8m2!3d14.446345!4d121.020468!16s%2Fg%2F11pzv74fjr!19sChIJk2xJmDvOlzMRwf5ndkPq1nw?authuser=0&hl=en&g_ep=EgoyMDI2MDkyOC4wIJJjKgBIAVAD&rclk=1","Cosmo World Salon","4.3","(15)","Massage spa","·","101 Aguirre Ave","","","https://lh3.googleusercontent.com/grass-proxy/AIM7gW33kzTLiovtpXDeHZpt4Fwp0UzS-6J_b_Q7bfkGVkP02AiQ_eIdC6NbpgRU3XY4isv7BZAM_v3sZsef4Sz6LOREdSxANlNwqJK1uBrj_Ef1WCfbTxnMH7bLd2qjUKcjuvP3ykSx6y2Va5EjDMFGuUlqmmgAjgy6BL1_g_1SOjYf-rqecMPj0mua-X7Tc0O3j4Llw8zn9A=w163-h92-k-no","","","",""
"https://www.google.com/maps/place/Oh+So+Surreal+Nails+and+Beauty+Studio/data=!4m7!3m6!1s0x3397cf9fd3e37707:0xb8e6d60abbc68fc!8m2!3d14.483463!4d121.033496!16s%2Fg%2F11y48rmyz2!19sChIJB3fj05_PlzMR_Gi8q2Btjgs?authuser=0&hl=en&g_ep=EgoyMDI2MDkyOC4wIJJjKgBIAVAD&rclk=1","Oh So Surreal Nails and Beauty Studio","5.0","(1)","Nail salon","·","98 Doña Soledad Ave","Open","· Closes 9 PM","https://lh3.googleusercontent.com/grass-cs/ACvplmOkcXi1E7yRDXo5Lhks9RXX5zatxH8eGf6w_hBRvQV7xLpXnEUVXeu4g5NLLrrpE-gbq7WjkDG2mS1VeCIMUVWvDT-3XNFkJ4CcN1KxWeJmjQTm3hzkMplYOIG5if7p0MDlQBrvlWysRJ3A=w80-h106-k-no","https://ssl.gstatic.com/local/servicebusiness/default_user.png","""I came to the","salon","to d  pedicure and footspa."""
"https://www.google.com/maps/place/BEYOUTHFUL+BY+W%26R/data=!4m7!3m6!1s0x3397cfcf15908ddf:0x91ca4fcfb21411ab!8m2!3d14.4921066!4d121.0247159!16s%2Fg%2F11stxnxq1f!19sChIJ342QFc_PlzMRqxEUss9PypE?authuser=0&hl=en&g_ep=EgoyMDI2MDkyOC4wIJJjKgBIAVAD&rclk=1","BEYOUTHFUL BY W&R","5.0","(2)","Beauty salon","·","Unit 2C, EXIT, FECC BLDG, Doña Soledad Ave","Open","· Closes 10 PM","https://lh3.googleusercontent.com/grass-cs/ACvplmM8Je0_oD3rTMduosyScM3A2wWSVXsS8xRvBpxRMCP29G0pNY1WTLbKvbHl9XZ5ua7pwQDqERAwUdh8BkHW9e7G68ibB4162C7RkpDntrcSIJ65r3q6kKYXVA31XNrvGQ8GJGIZCA=w204-h92-k-no","https://ssl.gstatic.com/local/servicebusiness/default_user.png","""Definitely worth it and will be my go to","salon","!"""
"https://www.google.com/maps/place/Cueva+Hair+Studio+Para%C3%B1aque/data=!4m7!3m6!1s0x3397cf004342df53:0xb6bb519a66a83391!8m2!3d14.488671!4d121.0207534!16s%2Fg%2F11z6snngnj!19sChIJU99CQwDPlzMRkTOoZppRu7Y?authuser=0&hl=en&g_ep=EgoyMDI2MDkyOC4wIJJjKgBIAVAD&rclk=1","Cueva Hair Studio Parañaque","3.6","(5)","Barber shop","·","Unit 304 Lot 27, Block 3 Doña Soledad Ave","Open","· Closes 9 PM","https://lh3.googleusercontent.com/grass-cs/ACvplmPBwUt9nF4PwQOiHXh5iEj0u8vC_xof3SrxGIxCjRbxh51Qet28wBNdX2nv449RDsHi7gSrF9L8fRWYuRVEtGkz7uNlqQX3ha_16iiKiFG8CvEXSxge18_vju4XLD4xjKeucdpS8GXsvbw=w122-h92-k-no","https://ssl.gstatic.com/local/servicebusiness/default_user.png","""I expect a really good","haircut","."""
"https://www.google.com/maps/place/Ze+Red+Z+Salon/data=!4m7!3m6!1s0x3397ce3b3bb8ae39:0x88fd75b1fb873e66!8m2!3d14.4510574!4d121.0181843!16s%2Fg%2F11ckrg114d!19sChIJOa64OzvOlzMRZj6H-7F1_Yg?authuser=0&hl=en&g_ep=EgoyMDI2MDkyOC4wIJJjKgBIAVAD&rclk=1","Ze Red Z Salon","4.6","(7)","Beauty salon","·","179 Aguirre Ave","Closes soon","· 5 PM · Opens 9 AM Fri","https://lh3.googleusercontent.com/grass-proxy/AIM7gW03q2rf-JOksv4xGfpN3tjMZNp_NESx0a2wcpOoDHvX_SzhO8Y8wrstcs_Pigc23_09UHxtIbmCEVUBcrJgLR_YyJTiWKDLMb3Yf4gmTuppsRXkF5xsV6vwhCLI3JQCTiMVyKQtno4OC6kYyKehChtatxAf1CgwNtPpDuOBsrsHQGWG_RVjfUH3ea_Wgmx1-7CHF63hEQ=w163-h92-k-no","https://ssl.gstatic.com/local/servicebusiness/default_user.png","""Would definitely recommend this","salon","!"""
"https://www.google.com/maps/place/Stephanie+Glam+Salon/data=!4m7!3m6!1s0x3397cff831d8a8c5:0x8070b4c6fafdf2ac!8m2!3d14.4805785!4d120.9965141!16s%2Fg%2F11n3pv34yt!19sChIJxajYMfjPlzMRrPL9-sa0cIA?authuser=0&hl=en&g_ep=EgoyMDI2MDkyOC4wIJJjKgBIAVAD&rclk=1","Stephanie Glam Salon","2.0","(1)","Hair salon","·","8166 Juanita De Leon","Open","· Closes 8 PM","https://lh3.googleusercontent.com/grass-cs/ACvplmOdF-n4phEd5w3LK2XnrKmJ_fBcefU2QZFMR-c1Tf5hV6sqsiiUOjko3Ma9b0KtaitxjYxwnuJeTe8IomTPzLwZA0XFJH1jWatbaLfG6itvjIqmdLQxxRMhWwHJYxifg3jiuocPmOSWJH0=w92-h92-k-no","","","",""
"https://www.google.com/maps/place/Andrea+Beauty+Salon/data=!4m7!3m6!1s0x3397ce4c9a96d637:0xc337f2bc257b770c!8m2!3d14.464265!4d121.03146!16s%2Fg%2F11kk6z94lj!19sChIJN9aWmkzOlzMRDHd7JbzyN8M?authuser=0&hl=en&g_ep=EgoyMDI2MDkyOC4wIJJjKgBIAVAD&rclk=1","Andrea Beauty Salon","","","Beauty salon","·","F27J+PH4, Editorial Ln","Open now","","https://maps.gstatic.com/tactile/pane/result-no-thumbnail-1x.png","","","",""
"https://www.google.com/maps/place/David%27s+Salon+-+Santana+Grove+%28Sucat+Road%29/data=!4m7!3m6!1s0x3397cfca8a52ba29:0x6ad3bca6e2dc4c36!8m2!3d14.4567443!4d121.0363725!16s%2Fg%2F11bzvzv7t5!19sChIJKbpSisrPlzMRNkzc4qa802o?authuser=0&hl=en&g_ep=EgoyMDI2MDkyOC4wIJJjKgBIAVAD&rclk=1","David's Salon - Santana Grove (Sucat Road)","3.5","(78)","Beauty salon","·","GR Floor, Santana Grove, Dr Arcadio Santos Ave","Open","· Closes 8 PM","https://lh3.googleusercontent.com/grass-proxy/AIM7gW0z2hdutEt5-cZlM40QHS1fUl1MUDyf3LGrM-uoooVIerCFw7AzROB2HuEX6R8UD1ezVaKmxY85EfBte5XKvpTPnkAyb9aTTRelZAEzmGXQ3apxsvT6kBn-e_Fj2n1059Bhc8Vr3Ek7Zw6Uoy4hxj6Kd9eTp6k53CESvz3q3Igu8s8ce2xpfdNIw0RD4-m2ThtpqTIg2Q=w122-h92-k-no","","","",""
"https://www.google.com/maps/place/Headmiles+Salon/data=!4m7!3m6!1s0x3397cfba80d3e8f1:0x1474a214c7ceb7f7!8m2!3d14.4843574!4d121.0318784!16s%2Fg%2F11vd9qvskw!19sChIJ8ejTgLrPlzMR97fOxxSidBQ?authuser=0&hl=en&g_ep=EgoyMDI2MDkyOC4wIJJjKgBIAVAD&rclk=1","Headmiles Salon","5.0","(1)","Beauty salon","·","Better Living Subdivision, Ethiopia","Open","· Closes 7:30 PM","https://streetviewpixels-pa.googleapis.com/v1/thumbnail?panoid=uI7iaIfzXz4L-Cqif2ywiQ&cb_client=search.gws-prod.grass&w=80&h=92&yaw=11.909402&pitch=0&thumbfov=100","","","",""
"https://www.google.com/maps/place/Dolls+Beauty+Salon+BF+HOMES+PARANAQUE+BRANCH/data=!4m7!3m6!1s0x3397cf44eec7f14b:0x1c8c23e930e2cf2d!8m2!3d14.4447879!4d121.025273!16s%2Fg%2F11y40tqr9g!19sChIJS_HH7kTPlzMRLc_iMOkjjBw?authuser=0&hl=en&g_ep=EgoyMDI2MDkyOC4wIJJjKgBIAVAD&rclk=1","Dolls Beauty Salon BF HOMES PARANAQUE BRANCH","3.1","(8)","Beauty salon","·","45-I Aguirre avenue, corner Bb. Ramona Tirona","Open","· Closes 9 PM","https://lh3.googleusercontent.com/grass-cs/ACvplmOnhDjicqJHz2NbtZjWCUEw0l24AfZY5jbuaoyq5YlCZ1B2fzCuVFeY5uMrPdfHGAwQd2o7lfy1Rgcl-EecokjJ-yuiBegTg_z_hSjtq00Bidadl9SZqbKCNutTu8fVNvhQNjfgzg=w80-h106-k-no","https://ssl.gstatic.com/local/servicebusiness/default_user.png","""Best Affordable","Hair","treatment inside BF homes"""
"https://www.google.com/maps/place/SwanLyn+Pampaganda/data=!4m7!3m6!1s0x3397ce251ab6330f:0xd336ca5a6232b408!8m2!3d14.448017!4d121.019777!16s%2Fg%2F11fy236g9r!19sChIJDzO2GiXOlzMRCLQyYlrKNtM?authuser=0&hl=en&g_ep=EgoyMDI2MDkyOC4wIJJjKgBIAVAD&rclk=1","SwanLyn Pampaganda","","","Nail salon","","","","","https://maps.gstatic.com/tactile/pane/result-no-thumbnail-1x.png","","","",""
"","","","","","","","","","","","","",""
